dataset,track,stratification,stratum,model,proteins,residues,positive_labels,negative_labels,prevalence,mean_score,calibration_bias,brier_score,mean_absolute_error,log_loss,error_rate_at_0_5,f1_at_0_5_full_precision,mcc_at_0_5_full_precision,tp,tn,fp,fn,roc_auc_full_precision,aucpr_trapezoid_full_precision,aps_full_precision,fmax_full_precision
CAID2,disorder_nox,distance_to_nearest_observed_transition,no-transition,A10-locked,29,7530,7530,0,1.0,0.9337811330008658,-0.06621886699913415,0.03888574359201518,0.06621886699913414,0.14049138575432737,0.047543160690571046,0.9756495714868726,0.0,7172,0,0,358,,,,
CAID2,disorder_nox,distance_to_nearest_observed_transition,no-transition,LoRA-DR-Suite 650M,29,7530,7530,0,1.0,0.7971725291067994,-0.20282747089320063,0.0931152583411899,0.20282747089320052,0.3106651556213371,0.11646746347941567,0.9381654092928153,0.0,6653,0,0,877,,,,
CAID2,disorder_nox,distance_to_nearest_observed_transition,no-transition,PUNCH2-Light Paper-8,29,7530,7530,0,1.0,0.7057858665831341,-0.29421413341686586,0.14667317205767375,0.29421413341686586,0.5203116894835386,0.14183266932270916,0.9236706689536878,0.0,6462,0,0,1068,,,,
CAID2,disorder_nox,distance_to_nearest_observed_transition,no-transition,PUNCH2-Light Released-13,29,7530,7530,0,1.0,0.7620155049978486,-0.23798449500215135,0.11339474661239417,0.23798449500215138,0.4385289315649003,0.11779548472775564,0.9374162139278911,0.0,6643,0,0,887,,,,
CAID2,disorder_nox,distance_to_nearest_observed_transition,0-2,A10-locked,181,2462,1239,1223,0.5032493907392364,0.6699136348789277,0.1666642441396914,0.37394369363931085,0.46860062423253457,1.4963174425969339,0.45735174654752236,0.6133241758241759,0.0888925908123634,893,443,780,346,0.5386270810276798,0.5226278988009481,0.5232583986780408,0.6697322153097106
CAID2,disorder_nox,distance_to_nearest_observed_transition,0-2,LoRA-DR-Suite 650M,181,2462,1239,1223,0.5032493907392364,0.49546780007500413,-0.00778159066423223,0.32743163113352947,0.47279188743282696,0.987566492285701,0.46222583265637696,0.5355102040816326,0.07566550485453907,656,668,555,583,0.5505871126254456,0.5409310611318363,0.5413200909036737,0.6721266721266721
CAID2,disorder_nox,distance_to_nearest_observed_transition,0-2,PUNCH2-Light Paper-8,181,2462,1239,1223,0.5032493907392364,0.42331911036190084,-0.07993028037733552,0.34222981462043356,0.475039080982372,1.104535589748795,0.4752233956133225,0.49655765920826156,0.05068277494841147,577,715,508,662,0.5490586993836851,0.5237163882687451,0.5244047152253595,0.6695487706025398
CAID2,disorder_nox,distance_to_nearest_observed_transition,0-2,PUNCH2-Light Released-13,181,2462,1239,1223,0.5032493907392364,0.46005592926222577,-0.043193461477010586,0.3440214861433586,0.47051350805296505,1.1236772235969095,0.46506904955320877,0.521920668058455,0.07039009485088177,625,692,531,614,0.5516014352301892,0.5240694845699136,0.5247498815060173,0.6695487706025398
CAID2,disorder_nox,distance_to_nearest_observed_transition,16+,A10-locked,181,141390,18167,123223,0.12848857769290614,0.48039768617402306,0.3519091084811169,0.3151388646032107,0.37383943420136573,1.5704274527814344,0.3452012164933871,0.4071806830879852,0.3615903507288529,16762,75820,47403,1405,0.80372763138689,0.288762033277579,0.28882218293580675,0.453403125789998
CAID2,disorder_nox,distance_to_nearest_observed_transition,16+,LoRA-DR-Suite 650M,181,141390,18167,123223,0.12848857769290614,0.29327847488850967,0.16478989719560352,0.15695246688206588,0.25947795665904694,0.47392928898542763,0.23914704010184595,0.4030717627328096,0.3073488265755854,11416,96161,27062,6751,0.8221814347385652,0.4747688421690451,0.47453214922347986,0.4327777223275776
CAID2,disorder_nox,distance_to_nearest_observed_transition,16+,PUNCH2-Light Paper-8,181,141390,18167,123223,0.12848857769290614,0.3495965222583457,0.22110794456543956,0.20582451520612494,0.298652045454634,0.6750147292628372,0.2933658674588019,0.42362259431668176,0.36265252598673625,15243,84668,38555,2924,0.7955220389777095,0.2783713352488635,0.27840471811406003,0.4278932722213128
CAID2,disorder_nox,distance_to_nearest_observed_transition,16+,PUNCH2-Light Released-13,181,141390,18167,123223,0.12848857769290614,0.37554198766768304,0.2470534099747769,0.22575444376859868,0.31145081715036493,0.7395577154614192,0.30307659664757053,0.4209658676323541,0.3632866007162826,15577,82961,40262,2590,0.7980937308627079,0.28542013754230355,0.2854580039978658,0.42793936316820186
CAID2,disorder_nox,distance_to_nearest_observed_transition,3-5,A10-locked,181,2432,1223,1209,0.5028782894736842,0.6659093783570724,0.16303108888338824,0.3346683407340789,0.42395279996744245,1.366932663185032,0.4050164473684211,0.656435298221137,0.2007928076750521,941,506,703,282,0.5965381605795185,0.5522729529733283,0.552915195174753,0.6747846747846747
CAID2,disorder_nox,distance_to_nearest_observed_transition,3-5,LoRA-DR-Suite 650M,181,2432,1223,1209,0.5028782894736842,0.49544251241920645,-0.007435777054477732,0.28843473333945957,0.4306100532523807,0.8678304617290324,0.4029605263157895,0.5957095709570956,0.19416794813492028,722,730,479,501,0.6255069805566996,0.5947945748533787,0.5952581464374824,0.6911764705882353
CAID2,disorder_nox,distance_to_nearest_observed_transition,3-5,PUNCH2-Light Paper-8,181,2432,1223,1209,0.5028782894736842,0.42665201775526324,-0.07622627171842095,0.3086532698261787,0.4402781982299342,1.0051555106130579,0.4309210526315789,0.5513698630136986,0.13914787178085472,644,740,469,579,0.6116310824985949,0.5528561914677105,0.5534430006059663,0.6880448318804483
CAID2,disorder_nox,distance_to_nearest_observed_transition,3-5,PUNCH2-Light Released-13,181,2432,1223,1209,0.5028782894736842,0.4650879462424342,-0.03779034323124997,0.3077396977526995,0.4312000600013981,1.0180239981793646,0.4120065789473684,0.5873146622734761,0.17604903658813506,713,717,492,510,0.613938659833208,0.5524004369549309,0.5529806280168281,0.697986577181208
CAID2,disorder_nox,distance_to_nearest_observed_transition,6-15,A10-locked,181,6988,3156,3832,0.45163136805953064,0.6530208876488939,0.20138951958936324,0.2882795083298833,0.3627965960169504,1.2563109777774417,0.33786491127647394,0.691815689857721,0.3697378130190803,2650,1977,1855,506,0.6949657311784426,0.5712589585749798,0.5715858683780886,0.6928523714094856
CAID2,disorder_nox,distance_to_nearest_observed_transition,6-15,LoRA-DR-Suite 650M,181,6988,3156,3832,0.45163136805953064,0.4888501301501903,0.03721876209065966,0.24278051753055727,0.37411358835626646,0.7409921131991486,0.3392959358900973,0.6418969944117203,0.3221270492564387,2125,2492,1340,1031,0.714746086256486,0.6372218097599364,0.6372398291086602,0.6808782231299463
CAID2,disorder_nox,distance_to_nearest_observed_transition,6-15,PUNCH2-Light Paper-8,181,6988,3156,3832,0.45163136805953064,0.44271853084075563,-0.008912837218775005,0.26489016196670456,0.3862296385438466,0.8849111169259718,0.3484544934172868,0.6324528301886793,0.30383157167550173,2095,2458,1374,1061,0.6781523942201091,0.5542611051810706,0.5545138552625697,0.6779790762949732
CAID2,disorder_nox,distance_to_nearest_observed_transition,6-15,PUNCH2-Light Released-13,181,6988,3156,3832,0.45163136805953064,0.4784448954539353,0.02681352739440468,0.26717587491402034,0.3775725977396251,0.9083516574095568,0.34544934172867775,0.6430050280981959,0.31383464489945834,2174,2400,1432,982,0.6787011881798529,0.5510147010332342,0.5512616815457572,0.6797453553332466
CAID2,disorder_pdb,distance_to_nearest_observed_transition,no-transition,A10-locked,201,55424,22500,32924,0.40596131639722866,0.43494687348856925,0.028985557091340597,0.04552746989863906,0.08768564936631243,0.17269076431927963,0.05528290993071593,0.9326474984612679,0.8859241353208438,21214,31146,1778,1286,0.9801522361262976,0.9750652717770777,0.9750659966975603,0.9338638611635642
CAID2,disorder_pdb,distance_to_nearest_observed_transition,no-transition,LoRA-DR-Suite 650M,201,55424,22500,32924,0.40596131639722866,0.3539647900416661,-0.05199652635556257,0.09375345658889281,0.18273962900735888,0.30664504461169734,0.1365653868360277,0.8172754266953142,0.7163241093408471,16927,30928,1996,5573,0.9451055137083384,0.9241920606755742,0.9241510189338983,0.8632908682153945
CAID2,disorder_pdb,distance_to_nearest_observed_transition,no-transition,PUNCH2-Light Paper-8,201,55424,22500,32924,0.40596131639722866,0.32096603481648023,-0.08499528158074843,0.079730508169043,0.16294490359087396,0.28564760138646844,0.0859375,0.8876677436852903,0.8225472636022878,18819,31842,1082,3681,0.9591868565990361,0.9480099276373487,0.9480118534317064,0.9009949802796702
CAID2,disorder_pdb,distance_to_nearest_observed_transition,no-transition,PUNCH2-Light Released-13,201,55424,22500,32924,0.40596131639722866,0.3455126866093028,-0.06044862978792587,0.06914368565804369,0.14449511202193635,0.25849374057633273,0.07893692263279446,0.8983007508310282,0.8363889069300077,19322,31727,1197,3178,0.9600855181630421,0.9502837514246945,0.9502853943163163,0.9045246522533084
CAID2,disorder_pdb,distance_to_nearest_observed_transition,0-2,A10-locked,235,3075,1539,1536,0.5004878048780488,0.3933717562004488,-0.1071160486776,0.3403391727714151,0.4567200686412943,1.169318380263189,0.44390243902439025,0.48895544739797825,0.11658013625400505,653,1057,479,886,0.5686064239495343,0.5597594433590913,0.5604231136540944,0.6678253313056702
CAID2,disorder_pdb,distance_to_nearest_observed_transition,0-2,LoRA-DR-Suite 650M,235,3075,1539,1536,0.5004878048780488,0.3518100029505399,-0.1486778019275089,0.3134576849625483,0.4572961826311447,0.9483819371740482,0.447479674796748,0.4401952807160293,0.11516227506107853,541,1158,378,998,0.5933381812459388,0.5696185603712753,0.5700119637962188,0.6713732634935095
CAID2,disorder_pdb,distance_to_nearest_observed_transition,0-2,PUNCH2-Light Paper-8,235,3075,1539,1536,0.5004878048780488,0.24361241671733333,-0.2568753881607154,0.33728197694685713,0.4565183057780163,1.1093505505670043,0.45203252032520325,0.35707678075855687,0.1200623970189984,386,1299,237,1153,0.6052174707602339,0.5919476745351789,0.5924016044637874,0.6701714285714286
CAID2,disorder_pdb,distance_to_nearest_observed_transition,0-2,PUNCH2-Light Released-13,235,3075,1539,1536,0.5004878048780488,0.2658766607320976,-0.2346111441459512,0.3286498242939618,0.44823243832650406,1.0841859410126802,0.43642276422764226,0.4019607843137255,0.151872364474872,451,1282,254,1088,0.6157547006985056,0.5991022396873247,0.59955399284337,0.6697017983155019
CAID2,disorder_pdb,distance_to_nearest_observed_transition,16+,A10-locked,234,61519,8435,53084,0.1371121117053268,0.18378828413412734,0.04667617242880054,0.03897390077308136,0.08322974866144117,0.1488228371588325,0.04655472293112697,0.8369206240747068,0.8106730522773019,7349,51306,1778,1086,0.9629545105436678,0.9180592848838756,0.9180617010222342,0.8734375981408201
CAID2,disorder_pdb,distance_to_nearest_observed_transition,16+,LoRA-DR-Suite 650M,234,61519,8435,53084,0.1371121117053268,0.17370790816712658,0.03659579646179978,0.07398473953199296,0.15231467820040737,0.24983129465953635,0.10248866203936995,0.6063065875741491,0.5486204112533374,4855,50359,2725,3580,0.9029969188648098,0.6799799207934424,0.6798479642412507,0.6226897069872276
CAID2,disorder_pdb,distance_to_nearest_observed_transition,16+,PUNCH2-Light Paper-8,234,61519,8435,53084,0.1371121117053268,0.13285292990348022,-0.00425918180184659,0.03825222552515078,0.08593120290244965,0.14368424457897158,0.043791349014125715,0.8323166936387402,0.8085445466607716,6686,52139,945,1749,0.9632684630820992,0.889462525054739,0.8894673424783871,0.8325555348142617
CAID2,disorder_pdb,distance_to_nearest_observed_transition,16+,PUNCH2-Light Released-13,234,61519,8435,53084,0.1371121117053268,0.14238209404512103,0.005269982339794227,0.03669450325938638,0.08240825725734813,0.13892446428107078,0.04483167801817325,0.8320545609548167,0.8066079788359092,6832,51929,1155,1603,0.9638665778817096,0.8944172164257833,0.8944215158987091,0.8358453679762881
CAID2,disorder_pdb,distance_to_nearest_observed_transition,3-5,A10-locked,235,3026,1506,1520,0.4976867151354924,0.39532554183399865,-0.10236117330149375,0.27817191684664694,0.38429206328765364,0.9620640762959789,0.3645076007931262,0.5826712069617859,0.2785772866042294,770,1153,367,736,0.6763288949465297,0.6683527291115259,0.6688783608806688,0.6726785279064099
CAID2,disorder_pdb,distance_to_nearest_observed_transition,3-5,LoRA-DR-Suite 650M,235,3026,1506,1520,0.4976867151354924,0.35195093419336415,-0.14573578094212825,0.254221401922227,0.3909747029956775,0.7656230691986345,0.3645076007931262,0.548875255623722,0.29098615320079346,671,1252,268,835,0.7244085063255749,0.680215745492113,0.6804354474373423,0.7119084763390535
CAID2,disorder_pdb,distance_to_nearest_observed_transition,3-5,PUNCH2-Light Paper-8,235,3026,1506,1520,0.4976867151354924,0.25454244571751483,-0.24314426941797757,0.27761509122161143,0.3895016305215466,0.9024400585848382,0.3747521480502313,0.4873417721518988,0.29322293588820575,539,1353,167,967,0.7474217166422031,0.7333554798365968,0.7335830799882304,0.7169811320754716
CAID2,disorder_pdb,distance_to_nearest_observed_transition,3-5,PUNCH2-Light Released-13,235,3026,1506,1520,0.4976867151354924,0.2789296696216788,-0.21875704551381359,0.2624240368776406,0.3723708927712492,0.8577784635928467,0.35095836087243887,0.5386620330147698,0.33602070821377766,620,1344,176,886,0.7626651289578528,0.7458067625958004,0.74604860832992,0.7330748583358188
CAID2,disorder_pdb,distance_to_nearest_observed_transition,6-15,A10-locked,235,7833,3092,4741,0.3947402017107111,0.3889060365639219,-0.005834165146789194,0.1474951644529974,0.22934794608614323,0.5112820316266078,0.19175284054640623,0.7467970330411329,0.5943278658616789,2215,4116,625,877,0.8577351094591155,0.8227992018671715,0.8229514042431378,0.749959540378702
CAID2,disorder_pdb,distance_to_nearest_observed_transition,6-15,LoRA-DR-Suite 650M,235,7833,3092,4741,0.3947402017107111,0.34058139189395764,-0.05415880981675347,0.15376656706300043,0.27404178585753225,0.4787961926582662,0.21690284692965658,0.6993452486285613,0.5378761677911621,1976,4158,583,1116,0.858728617141541,0.7751311355031705,0.7751090966549677,0.7541823662396382
CAID2,disorder_pdb,distance_to_nearest_observed_transition,6-15,PUNCH2-Light Paper-8,235,7833,3092,4741,0.3947402017107111,0.263633125502681,-0.13110707620803014,0.1590790171329306,0.2535494880210264,0.5291579743731127,0.20579599131877951,0.6922489499809088,0.5656443991388346,1813,4408,333,1279,0.8734741634793561,0.8388918783122765,0.838921625223508,0.7481525273425954
CAID2,disorder_pdb,distance_to_nearest_observed_transition,6-15,PUNCH2-Light Released-13,235,7833,3092,4741,0.3947402017107111,0.28507725702469044,-0.10966294468602067,0.14983876552870332,0.23837218734155496,0.5018834573493504,0.19481680071492405,0.7156168468132688,0.5882799140107484,1920,4387,354,1172,0.8810470332157914,0.8471839969318353,0.8472130145551576,0.7638539042821159
CAID3,disorder_nox,distance_to_nearest_observed_transition,0-2,A10-locked,174,2126,1065,1061,0.5009407337723424,0.6007831302470508,0.09984239647470838,0.36047080440653334,0.4640959879587253,1.3225068768249229,0.45672624647224835,0.5866326096211154,0.0880811034514588,689,466,595,376,0.5548207245357157,0.5416512598254347,0.5423365879156358,0.6691823899371069
CAID3,disorder_nox,distance_to_nearest_observed_transition,0-2,LoRA-DR-Suite 650M,174,2126,1065,1061,0.5009407337723424,0.465770538527874,-0.035170195244468405,0.33130619252467336,0.46491332644085603,1.044580246988838,0.458137347130762,0.5285575992255566,0.0839781544340014,546,606,455,519,0.5621191806825875,0.5392753552340865,0.5402812284089726,0.6704907584448694
CAID3,disorder_nox,distance_to_nearest_observed_transition,0-2,PUNCH2-Light Paper-8,174,2126,1065,1061,0.5009407337723424,0.35356900504016936,-0.14737172873217302,0.3390364012740958,0.46767020930686737,1.0953405302229595,0.46801505174035746,0.4511858797573084,0.06756208137623292,409,722,339,656,0.5710362710349435,0.5428013708180188,0.5434860387051011,0.6708780795957043
CAID3,disorder_nox,distance_to_nearest_observed_transition,0-2,PUNCH2-Light Released-13,174,2126,1065,1061,0.5009407337723424,0.38282059720597367,-0.11812013656636872,0.34075226629333005,0.46335900672808095,1.106605830617061,0.4543744120413923,0.4867162592986185,0.09424514434694262,458,702,359,607,0.5737098051709566,0.5404483149868701,0.541473217260979,0.6704581358609795
CAID3,disorder_nox,distance_to_nearest_observed_transition,16+,A10-locked,174,80672,15130,65542,0.18754958349861167,0.46995304362222756,0.2824034601236159,0.25415085717846625,0.30604290802300993,1.1947299467796022,0.28063020626735424,0.5595268206315543,0.4837010506744719,14379,43654,21888,751,0.8686383970416349,0.522380627596552,0.5224574007530586,0.6019106091498477
CAID3,disorder_nox,distance_to_nearest_observed_transition,16+,LoRA-DR-Suite 650M,174,80672,15130,65542,0.18754958349861167,0.33537119417154376,0.1478216106729321,0.15420390454349897,0.2547118625852264,0.4762178891595449,0.21384123363744545,0.5701328150307743,0.4635783113179907,11440,51981,13561,3690,0.862586495951406,0.5894373499941786,0.5894264342127724,0.5831675181500403
CAID3,disorder_nox,distance_to_nearest_observed_transition,16+,PUNCH2-Light Paper-8,174,80672,15130,65542,0.18754958349861167,0.3398235796474675,0.15227399614885584,0.17359229616004151,0.25777789149855834,0.5790718305237388,0.2373686037286791,0.5751935576901746,0.4829393801854966,12964,48559,16983,2166,0.8336514249184133,0.44156478359273527,0.4416336714347573,0.5774371607134712
CAID3,disorder_nox,distance_to_nearest_observed_transition,16+,PUNCH2-Light Released-13,174,80672,15130,65542,0.18754958349861167,0.3576704903893049,0.1701209068906932,0.17790025455447508,0.2577871842867339,0.5791295266773147,0.24412435541451805,0.5722601103340429,0.4818237429089332,13174,47804,17738,1956,0.8494638453553482,0.48515917328672603,0.48522383582718187,0.5855351599736025
CAID3,disorder_nox,distance_to_nearest_observed_transition,3-5,A10-locked,174,2102,1048,1054,0.49857278782112274,0.6041642032060942,0.10559141538497147,0.3039826393974006,0.39881761938377264,1.1200216287683291,0.3758325404376784,0.6600688468158347,0.25485565588610876,767,545,509,281,0.6491283659486942,0.6095797178995045,0.6102044562687812,0.679437060203284
CAID3,disorder_nox,distance_to_nearest_observed_transition,3-5,LoRA-DR-Suite 650M,174,2102,1048,1054,0.49857278782112274,0.4671330045684586,-0.031439783252664166,0.28186248447250184,0.4107496146843578,0.8848928565328852,0.3910561370123692,0.5982404692082111,0.21802206114248676,612,668,386,436,0.6536408918406073,0.601757128065753,0.6026875557149614,0.6906272022551092
CAID3,disorder_nox,distance_to_nearest_observed_transition,3-5,PUNCH2-Light Paper-8,174,2102,1048,1054,0.49857278782112274,0.3666816928414844,-0.13189109497963836,0.28572320366100107,0.41120521431617507,0.9166642619006925,0.3972407231208373,0.5474254742547425,0.2110867156474077,505,762,292,543,0.6767403711053492,0.6113760374481105,0.6120870613507206,0.7031857031857032
CAID3,disorder_nox,distance_to_nearest_observed_transition,3-5,PUNCH2-Light Released-13,174,2102,1048,1054,0.49857278782112274,0.3976446930049953,-0.10092809481612747,0.2824419497167959,0.4009175932464796,0.9112383213013819,0.3824928639391056,0.5777310924369748,0.2386288976980336,550,748,306,498,0.6817195851499921,0.6093119506895084,0.6101249177913265,0.7108933283075762
CAID3,disorder_nox,distance_to_nearest_observed_transition,6-15,A10-locked,174,6190,2761,3429,0.4460420032310178,0.5951280096611663,0.14908600643014852,0.23284497642525703,0.31206024380633607,0.8905931149185315,0.28933764135702744,0.7220239019090486,0.4526022331079512,2326,2073,1356,435,0.7838666807358968,0.6827281755932522,0.6830256985525622,0.727391659852821
CAID3,disorder_nox,distance_to_nearest_observed_transition,6-15,LoRA-DR-Suite 650M,174,6190,2761,3429,0.4460420032310178,0.46958355323773504,0.02354155000671726,0.22091323077285024,0.3405400639077899,0.703049256087729,0.30436187399030695,0.6748360372799448,0.3914787729973828,1955,2351,1078,806,0.7548283495831886,0.6501581517970195,0.6505611961647912,0.692485549132948
CAID3,disorder_nox,distance_to_nearest_observed_transition,6-15,PUNCH2-Light Paper-8,174,6190,2761,3429,0.4460420032310178,0.3812297736286914,-0.06481222960232635,0.21039058069804387,0.3223791252768336,0.6958724476978803,0.2812600969305331,0.6743968580512436,0.4280257169829339,1803,2646,783,958,0.7821833903020966,0.6648196469616324,0.6651047706556448,0.7266503667481662
CAID3,disorder_nox,distance_to_nearest_observed_transition,6-15,PUNCH2-Light Released-13,174,6190,2761,3429,0.4460420032310178,0.4110047374553958,-0.035037265775621995,0.20752794950827647,0.31115944154638125,0.6931746902004917,0.27253634894991924,0.6924339106654512,0.44781669502918875,1899,2604,825,862,0.7854185738553778,0.661587394949368,0.6619341648280379,0.7287371134020619
CAID3,disorder_nox,distance_to_nearest_observed_transition,no-transition,A10-locked,38,8887,6363,2524,0.7159896478001575,0.7600645053414145,0.04407485754125695,0.06078411945595368,0.08739770889836278,0.28624943747707265,0.06830201417801282,0.9536393492706027,0.8290405134236298,6243,2037,487,120,0.928471336492943,0.9530461752608252,0.9530544002839143,0.9548169704395774
CAID3,disorder_nox,distance_to_nearest_observed_transition,no-transition,LoRA-DR-Suite 650M,38,8887,6363,2524,0.7159896478001575,0.6838021524880971,-0.03218749531206044,0.09640963422338719,0.17845652931030268,0.3154326235888671,0.1426803195679082,0.8987543915681891,0.658424302884894,5628,1991,533,735,0.9248174930692072,0.9673380378233101,0.9673072278591963,0.926645579153487
CAID3,disorder_nox,distance_to_nearest_observed_transition,no-transition,PUNCH2-Light Paper-8,38,8887,6363,2524,0.7159896478001575,0.6037589478571284,-0.11223069994302914,0.10466147115025175,0.2097137166078429,0.3606384094480514,0.10937324181388546,0.9228448960152407,0.7355692668720899,5813,2102,422,550,0.9126678402501784,0.9487862335335899,0.9487943360584165,0.9402534701267351
CAID3,disorder_nox,distance_to_nearest_observed_transition,no-transition,PUNCH2-Light Released-13,38,8887,6363,2524,0.7159896478001575,0.6415472576872399,-0.07444239011291764,0.08987714903239104,0.1764027113828851,0.32563964907199017,0.10352199842466524,0.9271690943635214,0.7485322285602983,5856,2111,413,507,0.9133207270240268,0.9478224044359891,0.9478311454870931,0.9400366188587121
CAID3,disorder_pdb,distance_to_nearest_observed_transition,0-2,A10-locked,218,2804,1404,1400,0.5007132667617689,0.42046006459590946,-0.0802532021658594,0.33139867663918404,0.4579838386534985,1.0861065841273692,0.45399429386590584,0.4926265444400159,0.09445748092787257,618,913,487,786,0.570269129019129,0.5683155698520893,0.5687163662725125,0.6700143472022956
CAID3,disorder_pdb,distance_to_nearest_observed_transition,0-2,LoRA-DR-Suite 650M,218,2804,1404,1400,0.5007132667617689,0.40473702845542797,-0.09597623830634089,0.31507755017814276,0.4549970064402211,0.9649653726902122,0.4475748930099857,0.4965904532691536,0.10789192020384228,619,930,470,785,0.5844085775335776,0.5664826995218539,0.5670339131907304,0.6685714285714286
CAID3,disorder_pdb,distance_to_nearest_observed_transition,0-2,PUNCH2-Light Paper-8,218,2804,1404,1400,0.5007132667617689,0.22205041806291015,-0.2786628486988587,0.33318225634725385,0.4542384274029957,1.0668356765352518,0.4479315263908702,0.3053097345132743,0.14971709359394475,276,1272,128,1128,0.6263609076109076,0.6095602353512168,0.6100353447861637,0.6717210007581501
CAID3,disorder_pdb,distance_to_nearest_observed_transition,0-2,PUNCH2-Light Released-13,218,2804,1404,1400,0.5007132667617689,0.2460160164053495,-0.2546972503564193,0.3225467878046186,0.4461280902980028,1.03696118953529,0.4347360912981455,0.368066355624676,0.1684452023678211,355,1230,170,1049,0.6346240333740334,0.6141233996365766,0.6146178442977458,0.6727317432997295
CAID3,disorder_pdb,distance_to_nearest_observed_transition,16+,A10-locked,217,53437,9321,44116,0.17442970226622004,0.2339530791946896,0.05952337692846957,0.052594187489122,0.1063852547653407,0.18519600653750493,0.06725676965398507,0.8192880128720837,0.7804816071743826,8147,41696,2420,1174,0.9629484460163829,0.9204940500222882,0.920496401348544,0.8707270518827
CAID3,disorder_pdb,distance_to_nearest_observed_transition,16+,LoRA-DR-Suite 650M,217,53437,9321,44116,0.17442970226622004,0.20957314452762074,0.035143442261400704,0.07842523969947852,0.16197716341222243,0.2662273927499911,0.10356120291184011,0.691870824053452,0.6303953751594762,6213,41690,2426,3108,0.9125323187762132,0.7523826661773049,0.7522418906410963,0.6929385216577687
CAID3,disorder_pdb,distance_to_nearest_observed_transition,16+,PUNCH2-Light Paper-8,217,53437,9321,44116,0.17442970226622004,0.14795869881488669,-0.026471003451333353,0.04493821107317621,0.09116230882752963,0.17460105561446618,0.04779459924771226,0.8481208372978116,0.8270222676060595,7131,43752,364,2190,0.9516863277489979,0.9005462865319824,0.9005496802481648,0.8486270828444027
CAID3,disorder_pdb,distance_to_nearest_observed_transition,16+,PUNCH2-Light Released-13,217,53437,9321,44116,0.17442970226622004,0.15656950749839624,-0.0178601947678238,0.04117237524520147,0.08462966569052528,0.16545885772751867,0.04556767782622528,0.8570757762516874,0.8355027232908606,7301,43701,415,2020,0.9515182778460536,0.9037901882050196,0.9037932877322413,0.8575600070081177
CAID3,disorder_pdb,distance_to_nearest_observed_transition,3-5,A10-locked,218,2738,1357,1381,0.4956172388604821,0.42024009450004013,-0.07537714436044196,0.2681544545690979,0.38320486426872535,0.8708458196755533,0.3608473338203068,0.5954135954135955,0.2826463788241054,727,1023,358,630,0.6877973892446012,0.6875784186745706,0.6878109793139204,0.674015748031496
CAID3,disorder_pdb,distance_to_nearest_observed_transition,3-5,LoRA-DR-Suite 650M,218,2738,1357,1381,0.4956172388604821,0.3976298888791161,-0.09798734998136599,0.2524105125958882,0.38485745802067206,0.7802408421955618,0.34660336011687365,0.6047480216576425,0.3136918499412376,726,1063,318,631,0.7064783830669624,0.6735428753010566,0.6737762252311505,0.6955187231430325
CAID3,disorder_pdb,distance_to_nearest_observed_transition,3-5,PUNCH2-Light Paper-8,218,2738,1357,1381,0.4956172388604821,0.23542475867896276,-0.2601924801815193,0.26675328366158313,0.37944443923433163,0.8412859435232739,0.37034331628926226,0.4577540106951872,0.3252697647855076,428,1296,85,929,0.7905632659682383,0.7714230306740624,0.7716816101055044,0.7318794098781269
CAID3,disorder_pdb,distance_to_nearest_observed_transition,3-5,PUNCH2-Light Released-13,218,2738,1357,1381,0.4956172388604821,0.26111194071420746,-0.23450529814627463,0.25100501404816505,0.3634566378511688,0.7966963471656117,0.34477720964207453,0.5237134207870838,0.3641665298307684,519,1275,106,838,0.7994457894458802,0.7799261592574684,0.7801384045478481,0.7435658914728682
CAID3,disorder_pdb,distance_to_nearest_observed_transition,6-15,A10-locked,218,7274,2976,4298,0.40912840252955734,0.4117118096968106,0.002583407167253249,0.15330122826503592,0.24555812842727526,0.4848531522100049,0.2128127577673907,0.734840698869476,0.5575235805603308,2145,3581,717,831,0.8678669311057405,0.8385121848895727,0.8385430682741375,0.743357199681782
CAID3,disorder_pdb,distance_to_nearest_observed_transition,6-15,LoRA-DR-Suite 650M,218,7274,2976,4298,0.40912840252955734,0.36875097297138576,-0.040377429558171585,0.17589041237860814,0.2902365125954688,0.5564553381475629,0.23989551828430025,0.6858685868586859,0.4967369295949756,1905,3624,674,1071,0.8206011047899248,0.7411212303765482,0.7410517261557193,0.7233721105907237
CAID3,disorder_pdb,distance_to_nearest_observed_transition,6-15,PUNCH2-Light Paper-8,218,7274,2976,4298,0.40912840252955734,0.24025244029151777,-0.16887596223803958,0.15940543043602598,0.24887264965445421,0.5213572986026294,0.20566400879846028,0.6812952705581594,0.589923696688785,1599,4179,119,1377,0.9077919618777427,0.8813703375183475,0.8813987856255286,0.7931657631016922
CAID3,disorder_pdb,distance_to_nearest_observed_transition,6-15,PUNCH2-Light Released-13,218,7274,2976,4298,0.40912840252955734,0.26102582726141055,-0.1481025752681468,0.1484865444270823,0.23406907786693704,0.4905286082297595,0.1894418476766566,0.7178542178542178,0.6180825313568987,1753,4143,155,1223,0.9109494538595095,0.8856385756704068,0.8856621650578915,0.7980312884513974
CAID3,disorder_pdb,distance_to_nearest_observed_transition,no-transition,A10-locked,168,32986,16343,16643,0.49545261626144427,0.552958097023107,0.057505480761662786,0.06227828516564707,0.10934713514166647,0.22626942409731673,0.07873037046019524,0.9236917109863956,0.8454637982094172,15718,14671,1972,625,0.9753812336052837,0.9744518523224667,0.9744530903299637,0.9384066879763954
CAID3,disorder_pdb,distance_to_nearest_observed_transition,no-transition,LoRA-DR-Suite 650M,168,32986,16343,16643,0.49545261626144427,0.4570133534994304,-0.03843926276201387,0.08415806796260834,0.16991429097017915,0.2766947918209954,0.12071788031286,0.8720025715204114,0.7618269443450928,13564,15440,1203,2779,0.9559919526773114,0.9583783410212405,0.958347309473863,0.8923683668363893
CAID3,disorder_pdb,distance_to_nearest_observed_transition,no-transition,PUNCH2-Light Paper-8,168,32986,16343,16643,0.49545261626144427,0.40313037251960226,-0.092322243741842,0.08328142745412599,0.17416088099938157,0.29750027155796316,0.08773419026253562,0.9079575090643088,0.8267553536838166,14274,15818,825,2069,0.9619434914227534,0.9611206313955155,0.9611225280667854,0.9104341538558269
CAID3,disorder_pdb,distance_to_nearest_observed_transition,no-transition,PUNCH2-Light Released-13,168,32986,16343,16643,0.49545261626144427,0.42917903949479475,-0.06627357676664952,0.07210569910331303,0.15220969560509004,0.266775178002501,0.08424786272964288,0.9124200308846239,0.8328005261230653,14476,15731,912,1867,0.9644914208084308,0.9631413230922383,0.9631433139784661,0.9132657747298166
