dataset,track,scope,stratum,proteins,first_model,second_model,residues,score_pearson,score_spearman,mean_absolute_score_difference,threshold_disagreement_residues,threshold_disagreement_rate,both_correct,a10_only_correct,comparator_only_correct,both_wrong,both_correct_rate,a10_only_correct_rate,comparator_only_correct_rate,both_wrong_rate,either_model_correct_rate,a10_net_correct_rate_advantage,error_overlap_jaccard
CAID2,disorder_nox,overall,all,210,A10-locked,LoRA-DR-Suite 650M,160802,0.7652559744953653,0.7765556398642145,0.22402032697919885,32959,0.204966356139849,97914,9250,23709,29929,0.6089103369361077,0.05752416014726185,0.14744219599258715,0.18612330692404325,0.8138766930759568,-0.0899180358453253,0.47590955349192215
CAID2,disorder_nox,overall,all,210,A10-locked,PUNCH2-Light Paper-8,160802,0.8737022191958853,0.8983824463800179,0.16962337972917818,18972,0.11798360716906506,100897,6267,12705,40933,0.6274611012300843,0.03897339585328541,0.07901021131577965,0.2545552916008507,0.7454447083991492,-0.04003681546249425,0.6832985560470746
CAID2,disorder_nox,overall,all,210,A10-locked,PUNCH2-Light Released-13,160802,0.8868457789952789,0.8999725724915936,0.14831115247399526,17656,0.1097996293578438,101005,6159,11497,42141,0.6281327346674792,0.03830176241589035,0.07149786694195345,0.2620676359746769,0.737932364025323,-0.03319610452606311,0.7047343512216332
CAID2,disorder_nox,protein_length,201-500,64,A10-locked,LoRA-DR-Suite 650M,21957,0.8330019545921412,0.7282081351588806,0.15489425027771053,2529,0.11517966935373684,14282,1198,1331,5146,0.6504531584460537,0.05456118777610785,0.060618481577629,0.2343671722002095,0.7656328277997905,-0.006057293801521155,0.6704885993485342
CAID2,disorder_nox,protein_length,201-500,64,A10-locked,PUNCH2-Light Paper-8,21957,0.874225904004705,0.8785598337904911,0.19648065175862459,2639,0.1201894612196566,14168,1312,1327,5150,0.6452611923304641,0.05975315389169741,0.060436307327959196,0.23454934644987932,0.7654506535501207,-0.0006831534362617844,0.6611888560790858
CAID2,disorder_nox,protein_length,201-500,64,A10-locked,PUNCH2-Light Released-13,21957,0.8977020886260256,0.890414926573297,0.16216689795862185,2418,0.11012433392539965,14332,1148,1270,5207,0.6527303365669263,0.052284009655235233,0.05784032427016441,0.23714532950767409,0.7628546704923259,-0.00555631461492918,0.6828852459016393
CAID2,disorder_nox,protein_length,1001+,43,A10-locked,LoRA-DR-Suite 650M,86789,0.7332554338135998,0.7659983363667974,0.2466777286002998,20513,0.23635483759462605,52211,4583,15930,14065,0.6015854543778589,0.052806231204415306,0.18354860639021073,0.16205970802751501,0.837940291972485,-0.13074237518579543,0.4067615246688646
CAID2,disorder_nox,protein_length,1001+,43,A10-locked,PUNCH2-Light Paper-8,86789,0.8531267596149225,0.8797633979028331,0.16199218957655612,10999,0.12673265045109403,53571,3223,7776,22219,0.6172556429962323,0.03713604258604201,0.08959660786505202,0.25601170655267375,0.7439882934473263,-0.05246056527901001,0.6688843398157626
CAID2,disorder_nox,protein_length,1001+,43,A10-locked,PUNCH2-Light Released-13,86789,0.8623950754930887,0.879406691475307,0.14697588190113137,10540,0.12144396179239304,53305,3489,7051,22944,0.6141907384576386,0.04020094712463561,0.08124301466775743,0.2643652997499683,0.7356347002500316,-0.04104206754312183,0.6852227929757496
CAID2,disorder_nox,protein_length,501-1000,64,A10-locked,LoRA-DR-Suite 650M,47218,0.8051365220683387,0.7998118556171442,0.2230370927325973,9056,0.19179126604261088,28343,2905,6151,9819,0.6002583760430344,0.06152314795205218,0.1302681180905587,0.2079503579143547,0.7920496420856453,-0.0687449701385065,0.5202119205298014
CAID2,disorder_nox,protein_length,501-1000,64,A10-locked,PUNCH2-Light Paper-8,47218,0.9094177544667025,0.9097940602729134,0.16142703084213436,4245,0.08990215595747385,30173,1075,3170,12800,0.6390147824981999,0.022766741496886782,0.06713541446058706,0.2710830615443263,0.7289169384556737,-0.044368672963700284,0.7509533587562335
CAID2,disorder_nox,protein_length,501-1000,64,A10-locked,PUNCH2-Light Released-13,47218,0.9256405589997656,0.9127755714703005,0.13495933285134906,3686,0.07806345037909272,30307,941,2745,13225,0.641852683298742,0.019928840696344614,0.058134609682748105,0.28008386632216525,0.7199161336778347,-0.03820576898640349,0.7820353615989593
CAID2,disorder_nox,protein_length,1-200,39,A10-locked,LoRA-DR-Suite 650M,4838,0.7641253701211492,0.8099116812584696,0.14088977540765604,861,0.17796610169491525,3078,564,297,899,0.6362133112856553,0.11657709797436958,0.06138900372054568,0.18582058701942952,0.8141794129805705,0.05518809425382389,0.5107954545454545
CAID2,disorder_nox,protein_length,1-200,39,A10-locked,PUNCH2-Light Paper-8,4838,0.7713647416054557,0.871388532494755,0.26462409117064073,1089,0.22509301364200082,2985,657,432,764,0.6169904919388177,0.1357999173212071,0.08929309632079371,0.15791649441918149,0.8420835055808186,0.046506821000413395,0.4123043712898003
CAID2,disorder_nox,protein_length,1-200,39,A10-locked,PUNCH2-Light Released-13,4838,0.7897641728601691,0.875278209815899,0.23969238709252583,1012,0.20917734601074825,3061,581,431,765,0.6326994625878463,0.12009094667217858,0.08908639933856966,0.15812319140140554,0.8418768085985945,0.03100454733360893,0.4305008441193022
CAID2,disorder_nox,known_label_disorder_fraction,"(0.60,1.00]",52,A10-locked,LoRA-DR-Suite 650M,18259,0.6681154147128642,0.48015093633092165,0.2175299873052933,3640,0.19935374335943917,13106,2872,768,1513,0.717783011117805,0.157292294211074,0.04206144914836519,0.0828632455227559,0.9171367544772441,0.1152308450627088,0.29361536968756063
CAID2,disorder_nox,known_label_disorder_fraction,"(0.60,1.00]",52,A10-locked,PUNCH2-Light Paper-8,18259,0.7865387002936192,0.7541826600435181,0.21488368430737773,1736,0.09507640067911714,14695,1283,453,1828,0.8048085875458678,0.07026671778301112,0.02480968289610603,0.10011501177501506,0.899884988224985,0.04545703488690509,0.5129068462401796
CAID2,disorder_nox,known_label_disorder_fraction,"(0.60,1.00]",52,A10-locked,PUNCH2-Light Released-13,18259,0.8292093430533382,0.7767503595248032,0.17066666107368914,1508,0.08258940796319623,14872,1106,402,1879,0.8145024371542801,0.06057286817459883,0.022016539788597404,0.10290815488252368,0.8970918451174763,0.038556328386001426,0.5547682314732801
CAID2,disorder_nox,known_label_disorder_fraction,0-0.10,71,A10-locked,LoRA-DR-Suite 650M,89730,0.7962035824947638,0.7997862717116208,0.2170050123147586,16954,0.18894461161261564,53813,1513,15441,18963,0.5997213863813663,0.01686169619971024,0.17208291541290538,0.21133400200601807,0.788665997993982,-0.15522121921319515,0.5279672578444747
CAID2,disorder_nox,known_label_disorder_fraction,0-0.10,71,A10-locked,PUNCH2-Light Paper-8,89730,0.8552921912409429,0.8771990466832459,0.16271520377876952,11334,0.12631227014376462,52018,3308,8026,26378,0.5797169285634682,0.03686615401760838,0.08944611612615624,0.2939708012927672,0.7060291987072328,-0.052579962108547866,0.6994590581247349
CAID2,disorder_nox,known_label_disorder_fraction,0-0.10,71,A10-locked,PUNCH2-Light Released-13,89730,0.8648349977139314,0.8782061565015632,0.14796678279669978,10948,0.12201047587206063,51687,3639,7309,27095,0.5760280842527583,0.04055499832831829,0.08145547754374234,0.3019614398751811,0.6980385601248189,-0.04090047921542405,0.7122203821990905
CAID2,disorder_nox,known_label_disorder_fraction,"(0.10,0.30]",62,A10-locked,LoRA-DR-Suite 650M,40203,0.7557494137795221,0.769143467730339,0.20101573908440987,7489,0.18627963087331792,24994,1837,5652,7720,0.6216948983906674,0.04569310747954133,0.14058652339377659,0.19202547073601473,0.8079745292639853,-0.09489341591423525,0.5075941876520481
CAID2,disorder_nox,known_label_disorder_fraction,"(0.10,0.30]",62,A10-locked,PUNCH2-Light Paper-8,40203,0.9063949434595511,0.8914133659647603,0.14111568243507228,3472,0.08636171429992787,26006,825,2647,10725,0.64686714921772,0.02052085665248862,0.06584085764743924,0.26677113648235207,0.7332288635176479,-0.04532000099495063,0.7554412904134676
CAID2,disorder_nox,known_label_disorder_fraction,"(0.10,0.30]",62,A10-locked,PUNCH2-Light Released-13,40203,0.9202891931583227,0.8931079798257064,0.12058945054048577,3152,0.07840210929532622,26104,727,2425,10947,0.6493047782503794,0.018083227619829365,0.06031888167549685,0.27229311245429444,0.7277068875457056,-0.04223565405566749,0.7764380452514362
CAID2,disorder_nox,known_label_disorder_fraction,"(0.30,0.60]",25,A10-locked,LoRA-DR-Suite 650M,12610,0.4468315993046055,0.3906118248782441,0.35668049700935445,4876,0.3866772402854877,6001,3028,1848,1733,0.47589214908802535,0.2401268834258525,0.14655035685963522,0.13743061062648693,0.8625693893735131,0.09357652656621729,0.26221818732032076
CAID2,disorder_nox,known_label_disorder_fraction,"(0.30,0.60]",25,A10-locked,PUNCH2-Light Paper-8,12610,0.8247853863106895,0.8797231621108449,0.2441323155778509,2430,0.19270420301348137,8178,851,1579,2002,0.6485329103885805,0.06748612212529738,0.12521808088818398,0.15876288659793814,0.8412371134020619,-0.0577319587628866,0.4517148014440433
CAID2,disorder_nox,known_label_disorder_fraction,"(0.30,0.60]",25,A10-locked,PUNCH2-Light Released-13,12610,0.8427393239463032,0.8847380405617206,0.20677321769642187,2048,0.16241078509119747,8342,687,1361,2220,0.6615384615384615,0.05448057097541634,0.10793021411578113,0.176050753370341,0.823949246629659,-0.05344964314036479,0.5201499531396439
CAID2,disorder_pdb,overall,all,348,A10-locked,LoRA-DR-Suite 650M,130877,0.8267402072734089,0.8150989545364892,0.13365500369346225,14890,0.1137709452386592,109457,11522,3368,6530,0.8363348793141652,0.08803685903558303,0.02573408620307617,0.049894175447175594,0.9501058245528244,0.062302772832506854,0.30485527544351076
CAID2,disorder_pdb,overall,all,348,A10-locked,PUNCH2-Light Paper-8,130877,0.9123855353393524,0.8293149642290988,0.11023915710842379,8157,0.0623256951183172,116053,4926,3231,6667,0.8867333450491683,0.037638393300579935,0.024687301817737265,0.050940959832514496,0.9490590401674855,0.012951091482842668,0.4497436589314625
CAID2,disorder_pdb,overall,all,348,A10-locked,PUNCH2-Light Released-13,130877,0.924614763573534,0.8275718576633407,0.09699716562242014,7327,0.05598386271078952,116733,4246,3081,6817,0.8919290631661789,0.0324426751835693,0.023541187527220214,0.05208707412303155,0.9479129258769684,0.008901487656349091,0.48197115384615385
CAID2,disorder_pdb,protein_length,201-500,105,A10-locked,LoRA-DR-Suite 650M,27110,0.9033133349322194,0.8672282328762845,0.11510483101883733,2078,0.0766506824050166,23432,1578,500,1600,0.8643305053485799,0.05820730357801549,0.018443378827001106,0.05901881224640354,0.9409811877535964,0.03976392475101439,0.43501903208265363
CAID2,disorder_pdb,protein_length,201-500,105,A10-locked,PUNCH2-Light Paper-8,27110,0.9137840461022821,0.8728865385504124,0.1275627196534736,2046,0.07547030616008853,23552,1458,588,1512,0.8687569162670601,0.05378089265953523,0.0216894135005533,0.055772777572851345,0.9442272224271486,0.032091479158981924,0.42495784148397975
CAID2,disorder_pdb,protein_length,201-500,105,A10-locked,PUNCH2-Light Released-13,27110,0.9302786349083434,0.8791818977319453,0.10797575034891295,1862,0.06868314275175212,23758,1252,610,1490,0.8763555883437846,0.04618222058281077,0.02250092216894135,0.0549612689044633,0.9450387310955367,0.02368129841386942,0.4445107398568019
CAID2,disorder_pdb,protein_length,1001+,86,A10-locked,LoRA-DR-Suite 650M,53700,0.7370203035400512,0.7873591698245902,0.1364680448966497,6883,0.12817504655493484,44346,5287,1596,2471,0.8258100558659218,0.09845437616387337,0.02972067039106145,0.04601489757914339,0.9539851024208567,0.06873370577281192,0.2641650630746205
CAID2,disorder_pdb,protein_length,1001+,86,A10-locked,PUNCH2-Light Paper-8,53700,0.8962978526441107,0.756273775851061,0.09266194194681472,2872,0.05348230912476722,48101,1532,1340,2727,0.8957355679702048,0.028528864059590316,0.02495344506517691,0.050782122905027934,0.9492178770949721,0.003575418994413408,0.48705125915342024
CAID2,disorder_pdb,protein_length,1001+,86,A10-locked,PUNCH2-Light Released-13,53700,0.9045264942405112,0.7456738136448224,0.08563287769089852,2675,0.04981378026070764,48285,1348,1327,2740,0.8991620111731844,0.0251024208566108,0.024711359404096835,0.05102420856610801,0.948975791433892,0.00039106145251396646,0.5060018467220684
CAID2,disorder_pdb,protein_length,501-1000,112,A10-locked,LoRA-DR-Suite 650M,45032,0.8371918116282014,0.8143380937359678,0.14015190862527493,5010,0.11125421922188666,37856,3985,1025,2166,0.8406466512702079,0.08849262746491383,0.02276159175697282,0.04809912950790549,0.9519008704920945,0.06573103570794102,0.30183946488294316
CAID2,disorder_pdb,protein_length,501-1000,112,A10-locked,PUNCH2-Light Paper-8,45032,0.929383593078366,0.855439005577477,0.10830977527553562,2401,0.05331764078877243,40566,1275,1126,2065,0.9008260792325458,0.028313199502575947,0.025004441286196482,0.04585627997868182,0.9541437200213182,0.0033087582163794636,0.46238244514106586
CAID2,disorder_pdb,protein_length,501-1000,112,A10-locked,PUNCH2-Light Released-13,45032,0.9424714779068966,0.857674306949555,0.0925080592302003,2030,0.045079054894297386,40776,1065,965,2226,0.9054894297388524,0.023649848996269318,0.02142920589802807,0.04943151536685024,0.9505684846331498,0.0022206430982412506,0.5230263157894737
CAID2,disorder_pdb,protein_length,1-200,45,A10-locked,LoRA-DR-Suite 650M,5035,0.8343201190593211,0.8766367169534868,0.14542585686298115,919,0.18252234359483616,3823,672,247,293,0.7592850049652433,0.13346573982125123,0.04905660377358491,0.058192651439920556,0.9418073485600794,0.08440913604766634,0.24174917491749176
CAID2,disorder_pdb,protein_length,1-200,45,A10-locked,PUNCH2-Light Paper-8,5035,0.8266129161844193,0.892720027918504,0.2216867432614975,838,0.16643495531281033,3834,661,177,363,0.7614697120158888,0.13128103277060577,0.03515392254220457,0.07209533267130089,0.9279046673286991,0.09612711022840119,0.302248126561199
CAID2,disorder_pdb,protein_length,1-200,45,A10-locked,PUNCH2-Light Released-13,5035,0.8467495169771816,0.8954113081847838,0.1992387284907289,760,0.1509433962264151,3914,581,179,361,0.7773584905660378,0.1153922542204568,0.03555114200595829,0.07169811320754717,0.9283018867924528,0.07984111221449851,0.3220338983050847
CAID2,disorder_pdb,known_label_disorder_fraction,"(0.60,1.00]",119,A10-locked,LoRA-DR-Suite 650M,27817,0.5978550681447707,0.3227009944639241,0.2622172079545044,7059,0.2537656828558076,19169,6653,406,1589,0.6891109753028724,0.23917029154833375,0.014595391307473848,0.057123341841320056,0.9428766581586799,0.2245749002408599,0.18374190564292323
CAID2,disorder_pdb,known_label_disorder_fraction,"(0.60,1.00]",119,A10-locked,PUNCH2-Light Paper-8,27817,0.7870500498338748,0.7685112077132883,0.2266164197909976,2930,0.10533127224359205,23145,2677,253,1742,0.8320451522450301,0.09623611460617608,0.009095157637415969,0.06262357551137794,0.937376424488622,0.0871409569687601,0.3728595890410959
CAID2,disorder_pdb,known_label_disorder_fraction,"(0.60,1.00]",119,A10-locked,PUNCH2-Light Released-13,27817,0.8321598521709107,0.793259093614931,0.1784072745928303,2380,0.08555919042312254,23647,2175,205,1790,0.8500916705611676,0.07818959629003847,0.0073695941330840856,0.06434913901570982,0.9356508609842902,0.07082000215695439,0.4292565947242206
CAID2,disorder_pdb,known_label_disorder_fraction,"(0.10,0.30]",94,A10-locked,LoRA-DR-Suite 650M,35118,0.7921615095164684,0.7526536616025755,0.114486639008349,3234,0.09208952673842474,29602,2093,1141,2282,0.8429295517967994,0.05959906600603679,0.03249046073238795,0.0649809214647759,0.9350190785352241,0.02710860527364884,0.4137055837563452
CAID2,disorder_pdb,known_label_disorder_fraction,"(0.10,0.30]",94,A10-locked,PUNCH2-Light Paper-8,35118,0.8721316831120413,0.7554842930261764,0.09110830894162766,2305,0.06563585625605103,30627,1068,1237,2186,0.872116863147104,0.030411754655732103,0.03522410160031893,0.06224728059684492,0.9377527194031551,-0.004812346944586821,0.48675128033845466
CAID2,disorder_pdb,known_label_disorder_fraction,"(0.10,0.30]",94,A10-locked,PUNCH2-Light Released-13,35118,0.8794334658231561,0.750877303314871,0.08577225142118343,2186,0.06224728059684492,30742,953,1233,2190,0.8753915371034797,0.027137080699356456,0.03511019989748847,0.06236118229967538,0.9376388177003246,-0.007973119198132012,0.5004570383912249
CAID2,disorder_pdb,known_label_disorder_fraction,0-0.10,98,A10-locked,LoRA-DR-Suite 650M,60262,0.695847542953564,0.6842140072099057,0.08078781306350902,3386,0.05618797915767814,55015,2019,1367,1861,0.9129302047724934,0.03350370050778268,0.022684278649895456,0.030881816069828417,0.9691181839301716,0.010819421857887226,0.3546788641128264
CAID2,disorder_pdb,known_label_disorder_fraction,0-0.10,98,A10-locked,PUNCH2-Light Paper-8,60262,0.7927597472896929,0.6201095041827814,0.05908531119365886,1946,0.032292323520626595,56438,596,1350,1878,0.9365437589193853,0.009890146360890776,0.02240217715973582,0.031163917559988052,0.968836082440012,-0.012512030798845043,0.49110878661087864
CAID2,disorder_pdb,known_label_disorder_fraction,0-0.10,98,A10-locked,PUNCH2-Light Released-13,60262,0.8014632262986198,0.6153703288735541,0.058294852136197436,1940,0.03219275828880555,56400,634,1306,1922,0.9359131791178521,0.010520726162424082,0.02167203212638147,0.031894062593342404,0.9681059374066576,-0.011151305963957386,0.49766960124287934
CAID2,disorder_pdb,known_label_disorder_fraction,"(0.30,0.60]",37,A10-locked,LoRA-DR-Suite 650M,7680,0.8220732106777714,0.8391757710259578,0.17048084182167056,1211,0.15768229166666667,5671,757,454,798,0.7384114583333333,0.09856770833333334,0.05911458333333333,0.10390625,0.89609375,0.039453125,0.397212543554007
CAID2,disorder_pdb,known_label_disorder_fraction,"(0.30,0.60]",37,A10-locked,PUNCH2-Light Paper-8,7680,0.8529236139393909,0.878151117521728,0.17758341132664715,976,0.12708333333333333,5843,585,391,861,0.7608072916666667,0.076171875,0.05091145833333333,0.112109375,0.887890625,0.025260416666666667,0.46869896570495373
CAID2,disorder_pdb,known_label_disorder_fraction,"(0.30,0.60]",37,A10-locked,PUNCH2-Light Released-13,7680,0.8706399803762083,0.8860522716202244,0.15713913840834245,821,0.10690104166666667,5944,484,337,915,0.7739583333333333,0.06302083333333333,0.04388020833333333,0.119140625,0.880859375,0.019140625,0.527073732718894
CAID3,disorder_nox,overall,all,204,A10-locked,LoRA-DR-Suite 650M,99977,0.8010732380974794,0.8160814590996329,0.18769947920078112,18043,0.1804715084469428,66457,6722,11321,15477,0.6647228862638407,0.06723546415675605,0.11323604429018674,0.15480560528921652,0.8451943947107835,-0.04600058013343069,0.46172434367541765
CAID3,disorder_nox,overall,all,204,A10-locked,PUNCH2-Light Paper-8,99977,0.8844833774794795,0.8934252782664853,0.16061466563562532,10486,0.10488412334837012,69489,3690,6796,20002,0.6950498614681376,0.036908488952459066,0.06797563439591106,0.2000660151834922,0.7999339848165078,-0.031067145443451995,0.6560614012070323
CAID3,disorder_nox,overall,all,204,A10-locked,PUNCH2-Light Released-13,99977,0.9000998843205982,0.9000298075069253,0.14255876920961671,9555,0.09557198155575783,69765,3414,6141,20657,0.6978104964141753,0.03414785400642148,0.06142412754933635,0.20661752203006692,0.7933824779699331,-0.02727627354291487,0.6837349397590361
CAID3,disorder_nox,protein_length,1-200,61,A10-locked,LoRA-DR-Suite 650M,7571,0.7190052078132313,0.7517913319015851,0.18541304651590412,1658,0.21899352793554352,4837,1361,297,1076,0.6388852199181085,0.17976489235239732,0.03922863558314622,0.1421212521463479,0.8578787478536521,0.14053625676925108,0.393562545720556
CAID3,disorder_nox,protein_length,1-200,61,A10-locked,PUNCH2-Light Paper-8,7571,0.8473849252494041,0.8775561543905405,0.20673398956520012,1255,0.16576409985470875,5426,772,483,890,0.716682076343944,0.10196803592656188,0.06379606392814688,0.11755382380134724,0.8824461761986527,0.038171971998415,0.4149184149184149
CAID3,disorder_nox,protein_length,1-200,61,A10-locked,PUNCH2-Light Released-13,7571,0.8669326354560887,0.8881559191229389,0.1863411538279712,1158,0.15295205388984282,5501,697,461,912,0.7265882974507991,0.09206181481970678,0.06089023907013605,0.12045964865935807,0.8795403513406419,0.031171575749570732,0.4405797101449275
CAID3,disorder_nox,protein_length,501-1000,50,A10-locked,LoRA-DR-Suite 650M,33327,0.8266539579149027,0.8360825959662188,0.1767452455852915,5047,0.15143877336693973,23651,1331,3716,4629,0.7096648363189005,0.03993758814174693,0.11150118522519278,0.13889639031415968,0.8611036096858403,-0.07156359708344585,0.4784001653575858
CAID3,disorder_nox,protein_length,501-1000,50,A10-locked,PUNCH2-Light Paper-8,33327,0.8824623115539041,0.9042820933778217,0.16239521207513757,3461,0.1038497314489753,23962,1020,2441,5904,0.7189966093557776,0.030605815104869927,0.07324391634410538,0.1771536591952471,0.8228463408047529,-0.042638101239235456,0.6304324612920449
CAID3,disorder_nox,protein_length,501-1000,50,A10-locked,PUNCH2-Light Released-13,33327,0.8977841227180232,0.907040318556268,0.1405389931862481,3180,0.09541812944459448,24060,922,2258,6087,0.7219371680619318,0.027665256398715758,0.06775287304587872,0.18264470249347375,0.8173552975065262,-0.04008761664716296,0.6568468760116543
CAID3,disorder_nox,protein_length,1001+,22,A10-locked,LoRA-DR-Suite 650M,35601,0.7741546250587091,0.8105103121623753,0.22901636304014328,8653,0.24305497036600096,21139,2781,5872,5809,0.5937754557456251,0.07811578326451504,0.16493918710148592,0.16316957388837391,0.8368304261116261,-0.08682340383697087,0.40167335085050476
CAID3,disorder_nox,protein_length,1001+,22,A10-locked,PUNCH2-Light Paper-8,35601,0.9022649408065713,0.8980729478729208,0.13880679258500914,3185,0.08946377910732844,22865,1055,2130,9551,0.6422572399651695,0.029633999044970646,0.0598297800623578,0.268278980927502,0.731721019072498,-0.030195781017387152,0.7499214824120602
CAID3,disorder_nox,protein_length,1001+,22,A10-locked,PUNCH2-Light Released-13,35601,0.9148814179319261,0.9085397073142234,0.1311443455397441,2900,0.08145838600039325,22842,1078,1822,9859,0.6416111906968905,0.030280048313249628,0.05117833768714362,0.2769304233027162,0.7230695766972838,-0.020898289373893993,0.7727094599890274
CAID3,disorder_nox,protein_length,201-500,71,A10-locked,LoRA-DR-Suite 650M,23478,0.8705414500409181,0.8321137491644445,0.14133522091623776,2685,0.11436238180424227,16830,1249,1436,3963,0.7168412982366471,0.05319873924525087,0.0611636425589914,0.16879631995911065,0.8312036800408893,-0.007964903313740524,0.5961191335740073
CAID3,disorder_nox,protein_length,201-500,71,A10-locked,PUNCH2-Light Paper-8,23478,0.8739554832142289,0.890020159706658,0.1762834796664009,2585,0.1101030752193543,17236,843,1742,3657,0.7341340829712922,0.03590595451060567,0.07419712070874862,0.15576284180935343,0.8442371581906466,-0.03829116619814294,0.5858699134892663
CAID3,disorder_nox,protein_length,201-500,71,A10-locked,PUNCH2-Light Released-13,23478,0.8948192103846784,0.8974818376392043,0.1486155687094199,2317,0.0986881335718545,17362,717,1600,3799,0.7395008092682511,0.030539228213646817,0.06814890535820768,0.16181105715989436,0.8381889428401056,-0.037609677144560864,0.6211576193590582
CAID3,disorder_nox,known_label_disorder_fraction,"(0.10,0.30]",72,A10-locked,LoRA-DR-Suite 650M,33203,0.8090345853371268,0.8174935891503913,0.17388058699229195,5170,0.15570882149203386,22036,2080,3090,5997,0.6636749691292956,0.06264494172213354,0.09306387976990031,0.1806162093786706,0.8193837906213294,-0.03041893804776677,0.5370287454105848
CAID3,disorder_nox,known_label_disorder_fraction,"(0.10,0.30]",72,A10-locked,PUNCH2-Light Paper-8,33203,0.885991540543796,0.8858219267553602,0.15501014923850706,3438,0.10354486040418034,23111,1005,2433,6654,0.696051561605879,0.0302683492455501,0.07327651115863025,0.20040357798994066,0.7995964220100593,-0.04300816191308014,0.6593341260404281
CAID3,disorder_nox,known_label_disorder_fraction,"(0.10,0.30]",72,A10-locked,PUNCH2-Light Released-13,33203,0.9013152119112402,0.8882808456774973,0.1351250161815098,3119,0.09393729482275698,23205,911,2208,6879,0.6988826310875523,0.02743727976387676,0.06650001505888022,0.2071800740896907,0.7928199259103094,-0.03906273529500346,0.6880376075215043
CAID3,disorder_nox,known_label_disorder_fraction,0-0.10,43,A10-locked,LoRA-DR-Suite 650M,33811,0.7442301333580437,0.7747267250210468,0.21790819019724145,7670,0.22684925024400343,20291,962,6708,5850,0.6001301351631126,0.028452278844163143,0.19839697139984028,0.17302061459288398,0.826979385407116,-0.16994469255567715,0.4326923076923077
CAID3,disorder_nox,known_label_disorder_fraction,0-0.10,43,A10-locked,PUNCH2-Light Paper-8,33811,0.8750194436033757,0.8686112775159536,0.1444634183411863,3624,0.10718405252728402,20508,745,2879,9679,0.6065481647984384,0.02203424920883736,0.08514980331844665,0.2862677826742776,0.7137322173257225,-0.0631155541096093,0.7275802450575058
CAID3,disorder_nox,known_label_disorder_fraction,0-0.10,43,A10-locked,PUNCH2-Light Released-13,33811,0.8871016447034199,0.8756247018299903,0.14122857889467538,3319,0.09816331962970631,20488,765,2554,10004,0.6059566413297448,0.02262577267753098,0.07553754695217532,0.29588003904054894,0.7041199609594511,-0.052911774274644344,0.7508819334984613
CAID3,disorder_nox,known_label_disorder_fraction,"(0.30,0.60]",48,A10-locked,LoRA-DR-Suite 650M,20400,0.8605620734238114,0.8694983386376599,0.14718964323924313,2551,0.12504901960784315,15082,1482,1069,2767,0.739313725490196,0.07264705882352941,0.05240196078431372,0.1356372549019608,0.8643627450980392,0.020245098039215686,0.5203083866115081
CAID3,disorder_nox,known_label_disorder_fraction,"(0.30,0.60]",48,A10-locked,PUNCH2-Light Paper-8,20400,0.8774506414088296,0.897084287380395,0.1733105991062559,2336,0.11450980392156863,15446,1118,1218,2618,0.7571568627450981,0.05480392156862745,0.05970588235294118,0.12833333333333333,0.8716666666666667,-0.004901960784313725,0.5284618490109003
CAID3,disorder_nox,known_label_disorder_fraction,"(0.30,0.60]",48,A10-locked,PUNCH2-Light Released-13,20400,0.8930971700883606,0.8970355573817688,0.14913912331770396,2133,0.10455882352941176,15559,1005,1128,2708,0.7626960784313725,0.04926470588235294,0.05529411764705883,0.1327450980392157,0.8672549019607844,-0.006029411764705882,0.5593885560834538
CAID3,disorder_nox,known_label_disorder_fraction,"(0.60,1.00]",41,A10-locked,LoRA-DR-Suite 650M,12563,0.5652907340559384,0.23188614185633186,0.20870103966504258,2652,0.21109607577807848,9048,2198,454,863,0.7202101408899149,0.17495821061848285,0.03613786515959564,0.06869378333200668,0.9313062166679933,0.13882034545888722,0.24551920341394026
CAID3,disorder_nox,known_label_disorder_fraction,"(0.60,1.00]",41,A10-locked,PUNCH2-Light Paper-8,12563,0.7292815012232042,0.6626879070475121,0.1982791993779583,1088,0.08660351826792964,10424,822,266,1051,0.8297381198758258,0.06543023163257183,0.021173286635357797,0.08365836185624453,0.9163416381437555,0.04425694499721404,0.49135109864422627
CAID3,disorder_nox,known_label_disorder_fraction,"(0.60,1.00]",41,A10-locked,PUNCH2-Light Released-13,12563,0.7840106044381384,0.6918412914670254,0.1551002595165287,984,0.07832524078643636,10513,733,251,1066,0.8368224150282576,0.058345936480140095,0.019979304306296266,0.08485234418530606,0.9151476558146939,0.038366632173843826,0.52
CAID3,disorder_pdb,overall,all,319,A10-locked,LoRA-DR-Suite 650M,99239,0.8275065054314591,0.792031948063831,0.1417941313147682,11969,0.12060782555245418,81522,7717,4252,5748,0.8214713973337096,0.07776176704722941,0.04284605850522476,0.057920777113836294,0.9420792228861637,0.03491570854200465,0.3244341592820455
CAID3,disorder_pdb,overall,all,319,A10-locked,PUNCH2-Light Paper-8,99239,0.8825873912063672,0.8350714672306404,0.13685661647316016,9048,0.09117383286812644,85108,4131,4917,5083,0.8576063845867048,0.04162677979423412,0.04954705307389232,0.051219782545168735,0.9487802174548313,-0.0079202732796582,0.35970561177552896
CAID3,disorder_pdb,overall,all,319,A10-locked,PUNCH2-Light Released-13,99239,0.8956078803910072,0.8384688646104123,0.12240541201819347,8359,0.08423099789397313,85682,3557,4802,5198,0.863390400951239,0.03584276342970002,0.048388234464273115,0.052378601154787936,0.947621398845212,-0.012545471034573102,0.3834181603599616
CAID3,disorder_pdb,protein_length,1001+,34,A10-locked,LoRA-DR-Suite 650M,22660,0.7758378861873945,0.8117664762812771,0.17339380783860503,3752,0.16557811120917917,17919,2733,1019,989,0.7907766990291262,0.1206090026478376,0.04496910856134157,0.04364518976169462,0.9563548102383054,0.07563989408649603,0.20860577937144062
CAID3,disorder_pdb,protein_length,1001+,34,A10-locked,PUNCH2-Light Paper-8,22660,0.8691481404385841,0.7839437607661195,0.14029991400753442,2090,0.09223300970873786,19731,921,1169,839,0.8707413945278023,0.04064430714916152,0.051588702559576344,0.03702559576345984,0.9629744042365401,-0.010944395410414828,0.28644588596790715
CAID3,disorder_pdb,protein_length,1001+,34,A10-locked,PUNCH2-Light Released-13,22660,0.8801021431583519,0.7742961023580077,0.12911687341395897,1929,0.08512797881729921,19837,815,1114,894,0.8754192409532215,0.03596646072374228,0.04916151809355693,0.03945278022947926,0.9605472197705207,-0.01319505736981465,0.31668437832093516
CAID3,disorder_pdb,protein_length,1-200,76,A10-locked,LoRA-DR-Suite 650M,8292,0.7777253141305545,0.801596474042546,0.17285171935768454,1565,0.1887361312108056,6236,1283,282,491,0.7520501688374337,0.15472744814278824,0.03400868306801737,0.059213699951760734,0.9407863000482393,0.12071876507477086,0.23881322957198445
CAID3,disorder_pdb,protein_length,1-200,76,A10-locked,PUNCH2-Light Paper-8,8292,0.8628983371583725,0.8724511643119414,0.17795550125204895,1207,0.14556198745779064,6683,836,371,402,0.8059575494452484,0.10082006753497347,0.044741919922817175,0.04848046309696093,0.951519536903039,0.05607814761215629,0.24984462399005594
CAID3,disorder_pdb,protein_length,1-200,76,A10-locked,PUNCH2-Light Released-13,8292,0.8778342401526289,0.881176534558211,0.16173880310672575,1092,0.1316931982633864,6779,740,352,421,0.8175349734684033,0.08924264351181863,0.042450554751567775,0.05077182826821032,0.9492281717317896,0.046792088760250844,0.27825512227362853
CAID3,disorder_pdb,protein_length,201-500,129,A10-locked,LoRA-DR-Suite 650M,32539,0.8592573373308615,0.8053429815639969,0.13572706193097853,3374,0.10369095546882202,27247,1989,1385,1918,0.8373643934970343,0.06112664802237315,0.042564307446448874,0.05894465103414364,0.9410553489658564,0.018562340575924277,0.36243386243386244
CAID3,disorder_pdb,protein_length,201-500,129,A10-locked,PUNCH2-Light Paper-8,32539,0.8948578549273791,0.8644271080605054,0.12937916835621346,2743,0.0842988413903316,28161,1075,1668,1635,0.8654537631764959,0.033037278342911584,0.05126156304742002,0.0502473954331725,0.9497526045668275,-0.018224284704508435,0.37345820009136593
CAID3,disorder_pdb,protein_length,201-500,129,A10-locked,PUNCH2-Light Released-13,32539,0.9092601061123363,0.8717052125103512,0.11297069502447248,2536,0.07793724453732444,28352,884,1652,1651,0.8713236423983527,0.027167399121054734,0.05076984541626971,0.05073911306432281,0.9492608869356772,-0.023602446295214973,0.39431573919273943
CAID3,disorder_pdb,protein_length,501-1000,80,A10-locked,LoRA-DR-Suite 650M,35748,0.866577698376948,0.799459005428284,0.12008209653232237,3278,0.09169743761888777,30120,1712,1566,2350,0.8425646189996643,0.04789079109320801,0.04380664652567976,0.06573794338144791,0.9342620566185521,0.004084144567528253,0.4175550817341862
CAID3,disorder_pdb,protein_length,501-1000,80,A10-locked,PUNCH2-Light Paper-8,35748,0.8821221102111042,0.8209747795301894,0.13194701620354676,3008,0.08414456752825333,30533,1299,1709,2207,0.8541177128790421,0.03633769721383014,0.04780687031442318,0.061737719592704486,0.9382622804072955,-0.01146917310059304,0.42320230105465007
CAID3,disorder_pdb,protein_length,501-1000,80,A10-locked,PUNCH2-Light Released-13,35748,0.8946767630708032,0.8260038459796251,0.11761527165018769,2802,0.07838200738502853,30714,1118,1684,2232,0.8591809331990601,0.03127447689381224,0.04710753049121629,0.06243705941591138,0.9375629405840886,-0.01583305359740405,0.4433849821215733
CAID3,disorder_pdb,known_label_disorder_fraction,"(0.30,0.60]",44,A10-locked,LoRA-DR-Suite 650M,15143,0.8621422605106959,0.8364946597820141,0.13652906986622335,1585,0.10466882387902,11741,1208,377,1817,0.7753417420590372,0.07977283233177046,0.024895991547249554,0.11998943406194282,0.8800105659380572,0.0548768407845209,0.5340975896531452
CAID3,disorder_pdb,known_label_disorder_fraction,"(0.30,0.60]",44,A10-locked,PUNCH2-Light Paper-8,15143,0.8636270376939463,0.8605153069203474,0.16610258169867465,1848,0.12203658456052302,11824,1125,723,1471,0.7808228224262035,0.07429175196460411,0.047744832595918905,0.09714059301327346,0.9028594069867265,0.026546919368685203,0.4432057848749623
CAID3,disorder_pdb,known_label_disorder_fraction,"(0.30,0.60]",44,A10-locked,PUNCH2-Light Released-13,15143,0.8789428746264477,0.8598790477148308,0.1474340871493634,1678,0.11081027537476061,11963,986,692,1502,0.7900019811133857,0.06511259327742192,0.0456976820973387,0.09918774351185367,0.9008122564881463,0.019414911180083205,0.47232704402515724
CAID3,disorder_pdb,known_label_disorder_fraction,"(0.10,0.30]",100,A10-locked,LoRA-DR-Suite 650M,32600,0.7472190622696404,0.7331260838150765,0.13823549165642915,4099,0.12573619631901842,26438,2120,1979,2063,0.8109815950920245,0.06503067484662577,0.06070552147239264,0.06328220858895706,0.9367177914110429,0.004325153374233129,0.33479389808503734
CAID3,disorder_pdb,known_label_disorder_fraction,"(0.10,0.30]",100,A10-locked,PUNCH2-Light Paper-8,32600,0.8193940639077089,0.7688624392565374,0.1255328230297503,3456,0.1060122699386503,27330,1228,2228,1814,0.8383435582822086,0.03766871165644172,0.06834355828220859,0.055644171779141105,0.944355828220859,-0.03067484662576687,0.3442125237191651
CAID3,disorder_pdb,known_label_disorder_fraction,"(0.10,0.30]",100,A10-locked,PUNCH2-Light Released-13,32600,0.8306367716290526,0.7741706865872646,0.11811649233339142,3214,0.09858895705521473,27522,1036,2178,1864,0.8442331288343559,0.03177914110429448,0.06680981595092024,0.05717791411042945,0.9428220858895705,-0.03503067484662577,0.367073651043718
CAID3,disorder_pdb,known_label_disorder_fraction,0-0.10,74,A10-locked,LoRA-DR-Suite 650M,32786,0.6219563791024502,0.5465046883820236,0.11001899938347222,2675,0.0815897029219789,28897,1109,1566,1214,0.8813822973220277,0.03382541328615873,0.04776428963582017,0.03702799975599341,0.9629720002440066,-0.013938876349661442,0.31216250964258163
CAID3,disorder_pdb,known_label_disorder_fraction,0-0.10,74,A10-locked,PUNCH2-Light Paper-8,32786,0.650878784415682,0.592418593829355,0.09487144619890686,2179,0.06646129445495029,29637,369,1810,970,0.9039529067284817,0.011254803879704752,0.05520649057524553,0.029585798816568046,0.9704142011834319,-0.04395168669554078,0.3080342966020959
CAID3,disorder_pdb,known_label_disorder_fraction,0-0.10,74,A10-locked,PUNCH2-Light Released-13,32786,0.6629992505445762,0.5971517431186406,0.09338024121714085,2119,0.06463124504361618,29678,328,1791,989,0.9052034404928934,0.010004270115293113,0.054626974928323066,0.030165314463490515,0.9698346855365095,-0.044622704813029955,0.3182110682110682
CAID3,disorder_pdb,known_label_disorder_fraction,"(0.60,1.00]",101,A10-locked,LoRA-DR-Suite 650M,18710,0.5953102342017214,0.30182908719234375,0.20793629881218334,3610,0.19294494922501337,14446,3280,330,654,0.7721004810261892,0.17530732228754678,0.017637626937466594,0.03495456974879743,0.9650454302512026,0.15766969535008016,0.15337711069418386
CAID3,disorder_pdb,known_label_disorder_fraction,"(0.60,1.00]",101,A10-locked,PUNCH2-Light Paper-8,18710,0.7420112901308551,0.6796689160029762,0.20648835391072634,1565,0.08364510956707644,16317,1409,156,828,0.8721004810261892,0.07530732228754676,0.008337787279529663,0.04425440940673437,0.9557455905932656,0.0669695350080171,0.3460091934809862
CAID3,disorder_pdb,known_label_disorder_fraction,"(0.60,1.00]",101,A10-locked,PUNCH2-Light Released-13,18710,0.796822690497391,0.7047138981277502,0.16048284676413416,1348,0.07204703367183324,16519,1207,141,843,0.882896846606093,0.06451095670764297,0.007536076964190273,0.04505611972207376,0.9549438802779262,0.0569748797434527,0.3847558192606116
