dataset,track,true_state,segment_length_bin,model,proteins,residues,positive_labels,negative_labels,prevalence,mean_score,calibration_bias,brier_score,mean_absolute_error,log_loss,error_rate_at_0_5,f1_at_0_5_full_precision,mcc_at_0_5_full_precision,tp,tn,fp,fn,roc_auc_full_precision,aucpr_trapezoid_full_precision,aps_full_precision,fmax_full_precision
CAID2,disorder_nox,disordered,101+,A10-locked,86,23950,23950,0,1.0,0.9163929194642062,-0.0836070805357938,0.0596585611434829,0.08360708053579374,0.21758659542367476,0.07160751565762004,0.9628667316228212,0.0,22235,0,0,1715,,,,
CAID2,disorder_nox,disordered,101+,LoRA-DR-Suite 650M,86,23950,23950,0,1.0,0.6684252544919133,-0.33157474550808674,0.20417848279223214,0.33157474550808685,0.6348947124121281,0.31144050104384136,0.8155584678914962,0.0,16491,0,0,7459,,,,
CAID2,disorder_nox,disordered,101+,PUNCH2-Light Paper-8,86,23950,23950,0,1.0,0.7023945063326221,-0.2976054936673779,0.15818621882619716,0.2976054936673779,0.570809833187816,0.15006263048016702,0.9188823184218842,0.0,20356,0,0,3594,,,,
CAID2,disorder_nox,disordered,101+,PUNCH2-Light Released-13,86,23950,23950,0,1.0,0.7549095328699499,-0.24509046713005012,0.12822242204252635,0.24509046713005012,0.49245632430825903,0.13215031315240083,0.929250027942327,0.0,20785,0,0,3165,,,,
CAID2,disorder_nox,disordered,16-30,A10-locked,49,1241,1241,0,1.0,0.7201955903406124,-0.2798044096593876,0.18423861105284647,0.2798044096593876,0.5897160147930852,0.2506043513295729,0.8567480423767849,0.0,930,0,0,311,,,,
CAID2,disorder_nox,disordered,16-30,LoRA-DR-Suite 650M,49,1241,1241,0,1.0,0.5881340334904915,-0.41186596650950846,0.25952003875512814,0.4118659665095084,0.7671309284387895,0.38114423851732476,0.7645594823295172,0.0,768,0,0,473,,,,
CAID2,disorder_nox,disordered,16-30,PUNCH2-Light Paper-8,49,1241,1241,0,1.0,0.42763411847566474,-0.5723658815243353,0.4198740217631755,0.5723658815243352,1.3210614388310697,0.5261885576148267,0.6429743028977583,0.0,588,0,0,653,,,,
CAID2,disorder_nox,disordered,16-30,PUNCH2-Light Released-13,49,1241,1241,0,1.0,0.4694283234559226,-0.5305716765440773,0.3846869967199705,0.5305716765440774,1.2220547300379212,0.49153908138597907,0.6741452991452992,0.0,631,0,0,610,,,,
CAID2,disorder_nox,ordered,101+,A10-locked,151,124361,0,124361,0.0,0.417255217310303,0.417255217310303,0.35330165054974344,0.417255217310303,1.7760132219024853,0.38596505335273923,0.0,0.0,0,76362,47999,0,,,,
CAID2,disorder_nox,ordered,101+,LoRA-DR-Suite 650M,151,124361,0,124361,0.0,0.24222418008852922,0.24222418008852922,0.14408713617588811,0.24222418008852922,0.43440326188248185,0.21731089328648048,0.0,0.0,0,97336,27025,0,,,,
CAID2,disorder_nox,ordered,101+,PUNCH2-Light Paper-8,151,124361,0,124361,0.0,0.2980200664129092,0.2980200664129092,0.21173299259679917,0.2980200664129092,0.6882035483730716,0.3126784120423605,0.0,0.0,0,85476,38885,0,,,,
CAID2,disorder_nox,ordered,101+,PUNCH2-Light Released-13,151,124361,0,124361,0.0,0.3203380716036844,0.3203380716036844,0.2390505226177299,0.3203380716036844,0.7741653003876773,0.32676642999010946,0.0,0.0,0,83724,40637,0,,,,
CAID2,disorder_nox,ordered,31-100,A10-locked,56,4225,0,4225,0.0,0.5127423636682106,0.5127423636682106,0.40481290217733085,0.5127423636682106,1.6658004559537698,0.4795266272189349,0.0,0.0,0,2199,2026,0,,,,
CAID2,disorder_nox,ordered,31-100,LoRA-DR-Suite 650M,56,4225,0,4225,0.0,0.44392151641538696,0.44392151641538696,0.3149758695111381,0.44392151641538696,0.9461680779363896,0.4485207100591716,0.0,0.0,0,2330,1895,0,,,,
CAID2,disorder_nox,ordered,31-100,PUNCH2-Light Paper-8,56,4225,0,4225,0.0,0.32487236008977516,0.32487236008977516,0.21123780666241485,0.32487236008977516,0.6620106002762336,0.3353846153846154,0.0,0.0,0,2808,1417,0,,,,
CAID2,disorder_nox,ordered,31-100,PUNCH2-Light Released-13,56,4225,0,4225,0.0,0.35086556477592895,0.35086556477592895,0.24395819038395572,0.35086556477592895,0.7658532219523991,0.34745562130177515,0.0,0.0,0,2757,1468,0,,,,
CAID2,disorder_nox,disordered,31-100,A10-locked,83,5668,5668,0,1.0,0.8701883117905964,-0.1298116882094036,0.08074081828139866,0.12981168820940364,0.25027307001856613,0.11626676076217361,0.9382785426617964,0.0,5009,0,0,659,,,,
CAID2,disorder_nox,disordered,31-100,LoRA-DR-Suite 650M,83,5668,5668,0,1.0,0.6815628809897142,-0.3184371190102858,0.18656139612658867,0.3184371190102858,0.5659556813332656,0.26940719830628085,0.844326638801101,0.0,4141,0,0,1527,,,,
CAID2,disorder_nox,disordered,31-100,PUNCH2-Light Paper-8,83,5668,5668,0,1.0,0.6039004793158257,-0.3960995206841743,0.2504530085656025,0.39609952068417426,0.814516689701809,0.3041637261820748,0.8206408655846859,0.0,3944,0,0,1724,,,,
CAID2,disorder_nox,disordered,31-100,PUNCH2-Light Released-13,83,5668,5668,0,1.0,0.6540462370273288,-0.3459537629726712,0.2144624369969132,0.3459537629726711,0.7236127510334932,0.2672900494001411,0.8457387231442827,0.0,4153,0,0,1515,,,,
CAID2,disorder_nox,ordered,16-30,A10-locked,33,756,0,756,0.0,0.8242303750006614,0.8242303750006614,0.7839161025507572,0.8242303750006614,3.6576698884919474,0.8253968253968254,0.0,0.0,0,132,624,0,,,,
CAID2,disorder_nox,ordered,16-30,LoRA-DR-Suite 650M,33,756,0,756,0.0,0.5788488834765476,0.5788488834765476,0.4209610981725598,0.5788488834765476,1.208878759372711,0.5846560846560847,0.0,0.0,0,314,442,0,,,,
CAID2,disorder_nox,ordered,16-30,PUNCH2-Light Paper-8,33,756,0,756,0.0,0.6600592577219576,0.6600592577219576,0.560390916108465,0.6600592577219576,2.0567469811572394,0.7129629629629629,0.0,0.0,0,217,539,0,,,,
CAID2,disorder_nox,ordered,16-30,PUNCH2-Light Released-13,33,756,0,756,0.0,0.685840394876455,0.685840394876455,0.6018503814238216,0.685840394876455,2.302593883422347,0.7195767195767195,0.0,0.0,0,212,544,0,,,,
CAID2,disorder_nox,ordered,1-15,A10-locked,17,145,0,145,0.0,0.6490499637937931,0.6490499637937931,0.5734111417964582,0.6490499637937931,2.4052395684365813,0.6344827586206897,0.0,0.0,0,53,92,0,,,,
CAID2,disorder_nox,ordered,1-15,LoRA-DR-Suite 650M,17,145,0,145,0.0,0.561374711324138,0.561374711324138,0.4115907976376951,0.561374711324138,1.2408003734027893,0.5103448275862069,0.0,0.0,0,71,74,0,,,,
CAID2,disorder_nox,ordered,1-15,PUNCH2-Light Paper-8,17,145,0,145,0.0,0.40123775923310345,0.40123775923310345,0.28385413969430606,0.40123775923310345,0.9035810816832187,0.4482758620689655,0.0,0.0,0,80,65,0,,,,
CAID2,disorder_nox,ordered,1-15,PUNCH2-Light Released-13,17,145,0,145,0.0,0.4298853679103449,0.4298853679103449,0.32693029273758756,0.4298853679103449,0.9909473275982821,0.4689655172413793,0.0,0.0,0,77,68,0,,,,
CAID2,disorder_nox,disordered,1-15,A10-locked,28,456,456,0,1.0,0.525189133955044,-0.47481086604495604,0.35347767452550083,0.4748108660449561,1.1134273960136085,0.4649122807017544,0.6971428571428571,0.0,244,0,0,212,,,,
CAID2,disorder_nox,disordered,1-15,LoRA-DR-Suite 650M,28,456,456,0,1.0,0.41802409243574556,-0.5819759075642544,0.43802131766585223,0.5819759075642543,1.2903264094487563,0.6228070175438597,0.5477707006369427,0.0,172,0,0,284,,,,
CAID2,disorder_nox,disordered,1-15,PUNCH2-Light Paper-8,28,456,456,0,1.0,0.3284485722524123,-0.6715514277475877,0.5097195953204285,0.6715514277475877,1.5577493716617798,0.7083333333333334,0.45161290322580644,0.0,133,0,0,323,,,,
CAID2,disorder_nox,disordered,1-15,PUNCH2-Light Released-13,28,456,456,0,1.0,0.3780840298949561,-0.6219159701050438,0.4608032060671257,0.6219159701050438,1.4245443666052382,0.6425438596491229,0.5266558966074314,0.0,163,0,0,293,,,,
CAID2,disorder_pdb,disordered,101+,A10-locked,89,24464,24464,0,1.0,0.9157462775355939,-0.0842537224644061,0.05988050821205454,0.08425372246440606,0.2181083212705408,0.07206507521255723,0.9626205872999046,0.0,22701,0,0,1763,,,,
CAID2,disorder_pdb,disordered,101+,LoRA-DR-Suite 650M,89,24464,24464,0,1.0,0.6708317958767095,-0.3291682041232905,0.20207053070231043,0.3291682041232905,0.6285807452253176,0.3077992151733159,0.818107154935021,0.0,16934,0,0,7530,,,,
CAID2,disorder_pdb,disordered,101+,PUNCH2-Light Paper-8,89,24464,24464,0,1.0,0.7034163708922008,-0.29658362910779923,0.15746001462737447,0.29658362910779923,0.5672626144362045,0.15017985611510792,0.9188138065143412,0.0,20790,0,0,3674,,,,
CAID2,disorder_pdb,disordered,101+,PUNCH2-Light Released-13,89,24464,24464,0,1.0,0.755503957864413,-0.24449604213558696,0.1276734406248452,0.244496042135587,0.4891406438723571,0.13174460431654678,0.929482551143201,0.0,21241,0,0,3223,,,,
CAID2,disorder_pdb,disordered,16-30,A10-locked,119,3065,3065,0,1.0,0.6311502742803817,-0.36884972571961827,0.27744158377337463,0.36884972571961827,0.9375234951772274,0.366721044045677,0.7754694366759889,0.0,1941,0,0,1124,,,,
CAID2,disorder_pdb,disordered,16-30,LoRA-DR-Suite 650M,119,3065,3065,0,1.0,0.5314086253801827,-0.46859137461981726,0.30525193025204445,0.46859137461981726,0.9132353493409411,0.43523654159869496,0.7218515429524603,0.0,1731,0,0,1334,,,,
CAID2,disorder_pdb,disordered,16-30,PUNCH2-Light Paper-8,119,3065,3065,0,1.0,0.43579947893386617,-0.5642005210661338,0.4204476495474648,0.5642005210661338,1.3481854747599649,0.5275693311582381,0.6417017504985597,0.0,1448,0,0,1617,,,,
CAID2,disorder_pdb,disordered,16-30,PUNCH2-Light Released-13,119,3065,3065,0,1.0,0.47753937324818924,-0.5224606267518108,0.38459794488890586,0.5224606267518107,1.2423582518418452,0.4903752039151713,0.6751674951372378,0.0,1562,0,0,1503,,,,
CAID2,disorder_pdb,ordered,31-100,A10-locked,145,14562,0,14562,0.0,0.20967119089378383,0.20967119089378383,0.11843602472277598,0.20967119089378383,0.4032078531983213,0.15382502403516002,0.0,0.0,0,12322,2240,0,,,,
CAID2,disorder_pdb,ordered,31-100,LoRA-DR-Suite 650M,145,14562,0,14562,0.0,0.18418064126886002,0.18418064126886002,0.09063511908059257,0.18418064126886002,0.2978512737988826,0.12491416014283752,0.0,0.0,0,12743,1819,0,,,,
CAID2,disorder_pdb,ordered,31-100,PUNCH2-Light Paper-8,145,14562,0,14562,0.0,0.1337773490657808,0.1337773490657808,0.058547541643496244,0.1337773490657808,0.18684575124253694,0.10795220436753193,0.0,0.0,0,12990,1572,0,,,,
CAID2,disorder_pdb,ordered,31-100,PUNCH2-Light Released-13,145,14562,0,14562,0.0,0.1445417948017168,0.1445417948017168,0.07015705886145938,0.1445417948017168,0.21499133930304817,0.1161928306551298,0.0,0.0,0,12870,1692,0,,,,
CAID2,disorder_pdb,disordered,1-15,A10-locked,96,1459,1459,0,1.0,0.4439615436672241,-0.5560384563327758,0.4514631376192012,0.5560384563327759,1.5605477261518026,0.568882796435915,0.6024904214559387,0.0,629,0,0,830,,,,
CAID2,disorder_pdb,disordered,1-15,LoRA-DR-Suite 650M,96,1459,1459,0,1.0,0.4274602654912337,-0.5725397345087663,0.42003545519466745,0.5725397345087664,1.2586974025123523,0.5990404386566142,0.5724070450097848,0.0,585,0,0,874,,,,
CAID2,disorder_pdb,disordered,1-15,PUNCH2-Light Paper-8,96,1459,1459,0,1.0,0.35565054246004113,-0.6443494575399589,0.5092629640926825,0.6443494575399589,1.6400911068047668,0.658670322138451,0.5089422585590189,0.0,498,0,0,961,,,,
CAID2,disorder_pdb,disordered,1-15,PUNCH2-Light Released-13,96,1459,1459,0,1.0,0.3934730413777245,-0.6065269586222755,0.4714528516180277,0.6065269586222755,1.5206996499107457,0.6223440712816998,0.5482587064676616,0.0,551,0,0,908,,,,
CAID2,disorder_pdb,disordered,31-100,A10-locked,130,8084,8084,0,1.0,0.8426033872162902,-0.15739661278370976,0.1024006800216931,0.15739661278370978,0.3296883032649059,0.14275111331024246,0.923138404156121,0.0,6930,0,0,1154,,,,
CAID2,disorder_pdb,disordered,31-100,LoRA-DR-Suite 650M,130,8084,8084,0,1.0,0.6574406364249209,-0.3425593635750791,0.20353983886017077,0.34255936357507916,0.6245180529622912,0.2924294903513112,0.8287452912199362,0.0,5720,0,0,2364,,,,
CAID2,disorder_pdb,disordered,31-100,PUNCH2-Light Paper-8,130,8084,8084,0,1.0,0.594177303745856,-0.405822696254144,0.2643787546484098,0.40582269625414397,0.8707310466665888,0.31877783275606136,0.8103892281656979,0.0,5507,0,0,2577,,,,
CAID2,disorder_pdb,disordered,31-100,PUNCH2-Light Released-13,130,8084,8084,0,1.0,0.6422751007923182,-0.3577248992076818,0.23001346739898815,0.3577248992076818,0.7823072112994625,0.28364670954972787,0.8347387387387388,0.0,5791,0,0,2293,,,,
CAID2,disorder_pdb,ordered,101+,A10-locked,177,77259,0,77259,0.0,0.06618904905867795,0.06618904905867795,0.02226425202029277,0.06618904905867795,0.0966709775585296,0.024993851848975523,0.0,0.0,0,75328,1931,0,,,,
CAID2,disorder_pdb,ordered,101+,LoRA-DR-Suite 650M,177,77259,0,77259,0.0,0.09952491471412263,0.09952491471412263,0.03507682295378133,0.09952491471412263,0.13482733582717,0.04372306139090591,0.0,0.0,0,73881,3378,0,,,,
CAID2,disorder_pdb,ordered,101+,PUNCH2-Light Paper-8,177,77259,0,77259,0.0,0.041381195379211484,0.041381195379211484,0.009207836358922606,0.041381195379211484,0.04954273197195599,0.008814507047722596,0.0,0.0,0,76578,681,0,,,,
CAID2,disorder_pdb,ordered,101+,PUNCH2-Light Released-13,177,77259,0,77259,0.0,0.04415583268053301,0.04415583268053301,0.010726626877943873,0.04415583268053301,0.053886460410124945,0.011299654409195045,0.0,0.0,0,76386,873,0,,,,
CAID2,disorder_pdb,ordered,1-15,A10-locked,42,565,0,565,0.0,0.600915183298938,0.600915183298938,0.5197193924254483,0.600915183298938,2.1142159554202156,0.6247787610619469,0.0,0.0,0,212,353,0,,,,
CAID2,disorder_pdb,ordered,1-15,LoRA-DR-Suite 650M,42,565,0,565,0.0,0.4833673366211327,0.4833673366211327,0.34147835939978205,0.4833673366211327,1.0163034123788481,0.4920353982300885,0.0,0.0,0,287,278,0,,,,
CAID2,disorder_pdb,ordered,1-15,PUNCH2-Light Paper-8,42,565,0,565,0.0,0.4209132312637168,0.4209132312637168,0.30229633711787424,0.4209132312637168,0.9703316035044136,0.44601769911504424,0.0,0.0,0,313,252,0,,,,
CAID2,disorder_pdb,ordered,1-15,PUNCH2-Light Released-13,42,565,0,565,0.0,0.4451983234238938,0.4451983234238938,0.336562515209859,0.4451983234238938,1.089852263569168,0.4672566371681416,0.0,0.0,0,301,264,0,,,,
CAID2,disorder_pdb,ordered,16-30,A10-locked,55,1419,0,1419,0.0,0.3960918194773855,0.3960918194773855,0.2990718642111553,0.3960918194773855,1.0939241861223543,0.3544749823819591,0.0,0.0,0,916,503,0,,,,
CAID2,disorder_pdb,ordered,16-30,LoRA-DR-Suite 650M,55,1419,0,1419,0.0,0.34977244670530655,0.34977244670530655,0.22917975689591985,0.34977244670530655,0.6754551423232235,0.3347427766032417,0.0,0.0,0,944,475,0,,,,
CAID2,disorder_pdb,ordered,16-30,PUNCH2-Light Paper-8,55,1419,0,1419,0.0,0.2095238412107822,0.2095238412107822,0.09845828834319012,0.2095238412107822,0.2957602355536355,0.18252290345313602,0.0,0.0,0,1160,259,0,,,,
CAID2,disorder_pdb,ordered,16-30,PUNCH2-Light Released-13,55,1419,0,1419,0.0,0.22776252319823823,0.22776252319823823,0.12545557710751942,0.22776252319823823,0.35749980341552096,0.21634954193093728,0.0,0.0,0,1112,307,0,,,,
CAID3,disorder_nox,disordered,1-15,A10-locked,34,481,481,0,1.0,0.5893126254620166,-0.41068737453798343,0.30895847025462875,0.4106873745379834,1.0648020531053115,0.3659043659043659,0.7760814249363868,0.0,305,0,0,176,,,,
CAID3,disorder_nox,disordered,1-15,LoRA-DR-Suite 650M,34,481,481,0,1.0,0.5316467517696466,-0.4683532482303534,0.34288330524363914,0.4683532482303534,1.0832640591114682,0.4282744282744283,0.7275132275132276,0.0,275,0,0,206,,,,
CAID3,disorder_nox,disordered,1-15,PUNCH2-Light Paper-8,34,481,481,0,1.0,0.37169035528336797,-0.6283096447166321,0.48739054045095165,0.628309644716632,1.5471329901976145,0.6444906444906445,0.5245398773006135,0.0,171,0,0,310,,,,
CAID3,disorder_nox,disordered,1-15,PUNCH2-Light Released-13,34,481,481,0,1.0,0.40048555475135134,-0.5995144452486487,0.4609597534673,0.5995144452486486,1.4666634788181152,0.6029106029106029,0.5684523809523809,0.0,191,0,0,290,,,,
CAID3,disorder_nox,disordered,16-30,A10-locked,54,1307,1307,0,1.0,0.7221322635853864,-0.2778677364146136,0.17483189832720153,0.2778677364146136,0.5406629003808033,0.25478194338179033,0.8540113985094256,0.0,974,0,0,333,,,,
CAID3,disorder_nox,disordered,16-30,LoRA-DR-Suite 650M,54,1307,1307,0,1.0,0.6246087104501148,-0.3753912895498852,0.2469353466827918,0.37539128954988527,0.7656759128518289,0.342769701606733,0.7931671283471837,0.0,859,0,0,448,,,,
CAID3,disorder_nox,disordered,16-30,PUNCH2-Light Paper-8,54,1307,1307,0,1.0,0.4548008603349656,-0.5451991396650344,0.3937532140767654,0.5451991396650344,1.2635388186337284,0.5225707727620506,0.6462972553081305,0.0,624,0,0,683,,,,
CAID3,disorder_nox,disordered,16-30,PUNCH2-Light Released-13,54,1307,1307,0,1.0,0.5030754603289976,-0.49692453967100236,0.35288692919754655,0.4969245396710023,1.1575758346622451,0.46059678653404745,0.7007952286282306,0.0,705,0,0,602,,,,
CAID3,disorder_nox,ordered,16-30,A10-locked,24,589,0,589,0.0,0.7913026958071308,0.7913026958071308,0.7082254929918997,0.7913026958071308,2.6918033548620612,0.8455008488964346,0.0,0.0,0,91,498,0,,,,
CAID3,disorder_nox,ordered,16-30,LoRA-DR-Suite 650M,24,589,0,589,0.0,0.6108275848251272,0.6108275848251272,0.4491313115352317,0.6108275848251272,1.2916990511848847,0.7096774193548387,0.0,0.0,0,171,418,0,,,,
CAID3,disorder_nox,ordered,16-30,PUNCH2-Light Paper-8,24,589,0,589,0.0,0.5908961297932088,0.5908961297932088,0.46064454377583886,0.5908961297932088,1.5527296821796037,0.6960950764006791,0.0,0.0,0,179,410,0,,,,
CAID3,disorder_nox,ordered,16-30,PUNCH2-Light Released-13,24,589,0,589,0.0,0.6180263092480476,0.6180263092480476,0.5031874676121019,0.6180263092480476,1.7385066819024386,0.6893039049235993,0.0,0.0,0,183,406,0,,,,
CAID3,disorder_nox,ordered,31-100,A10-locked,77,6272,0,6272,0.0,0.3771043369882972,0.3771043369882972,0.27065745721277645,0.3771043369882972,1.0381248230860478,0.3405612244897959,0.0,0.0,0,4136,2136,0,,,,
CAID3,disorder_nox,ordered,31-100,LoRA-DR-Suite 650M,77,6272,0,6272,0.0,0.36653047504430486,0.36653047504430486,0.25676761489107164,0.36653047504430486,0.8571288263393649,0.3413584183673469,0.0,0.0,0,4131,2141,0,,,,
CAID3,disorder_nox,ordered,31-100,PUNCH2-Light Paper-8,77,6272,0,6272,0.0,0.21105460360361927,0.21105460360361927,0.12429792671273802,0.21105460360361927,0.3991543232425978,0.19786352040816327,0.0,0.0,0,5031,1241,0,,,,
CAID3,disorder_nox,ordered,31-100,PUNCH2-Light Released-13,77,6272,0,6272,0.0,0.22249648377547832,0.22249648377547832,0.1404018441029757,0.22249648377547832,0.452666398620145,0.20360331632653061,0.0,0.0,0,4995,1277,0,,,,
CAID3,disorder_nox,disordered,101+,A10-locked,81,19608,19608,0,1.0,0.9414860867803708,-0.05851391321962918,0.03758918851128945,0.05851391321962924,0.1280310864099904,0.0474296205630355,0.9757091364989813,0.0,18678,0,0,930,,,,
CAID3,disorder_nox,disordered,101+,LoRA-DR-Suite 650M,81,19608,19608,0,1.0,0.7409613139608139,-0.2590386860391861,0.15114648062878475,0.25903868603918606,0.4639034558205894,0.22648918808649532,0.872293314162473,0.0,15167,0,0,4441,,,,
CAID3,disorder_nox,disordered,101+,PUNCH2-Light Paper-8,81,19608,19608,0,1.0,0.7261120154628825,-0.2738879845371175,0.14339099315008647,0.27388798453711755,0.5175912360307221,0.13127294981640147,0.9297527427542165,0.0,17034,0,0,2574,,,,
CAID3,disorder_nox,disordered,101+,PUNCH2-Light Released-13,81,19608,19608,0,1.0,0.7759382030108578,-0.2240617969891422,0.11604865734387765,0.22406179698914216,0.4445113037458392,0.11984904120767034,0.9362556284923779,0.0,17258,0,0,2350,,,,
CAID3,disorder_nox,ordered,101+,A10-locked,133,66698,0,66698,0.0,0.3599950164651678,0.3599950164651678,0.30294931125374985,0.3599950164651678,1.4418548767358812,0.33231881015922515,0.0,0.0,0,44533,22165,0,,,,
CAID3,disorder_nox,ordered,101+,LoRA-DR-Suite 650M,133,66698,0,66698,0.0,0.24263631713637382,0.24263631713637382,0.14627351624608,0.24263631713637382,0.44956100377170227,0.20131038411946386,0.0,0.0,0,53271,13427,0,,,,
CAID3,disorder_nox,ordered,101+,PUNCH2-Light Paper-8,133,66698,0,66698,0.0,0.2505010726776035,0.2505010726776035,0.17762862828620501,0.2505010726776035,0.5819882778011941,0.2569192479534619,0.0,0.0,0,49562,17136,0,,,,
CAID3,disorder_nox,ordered,101+,PUNCH2-Light Released-13,133,66698,0,66698,0.0,0.2618289951628325,0.2618289951628325,0.18949372194008005,0.2618289951628325,0.6002177067094194,0.2687636810698972,0.0,0.0,0,48772,17926,0,,,,
CAID3,disorder_nox,disordered,31-100,A10-locked,76,4971,4971,0,1.0,0.8717041109942365,-0.1282958890057635,0.0852130341775472,0.1282958890057634,0.3015172928598761,0.10541138603902635,0.9443618602675727,0.0,4447,0,0,524,,,,
CAID3,disorder_nox,disordered,31-100,LoRA-DR-Suite 650M,76,4971,4971,0,1.0,0.7123682795908187,-0.2876317204091813,0.17262699470454954,0.2876317204091813,0.572243816300084,0.21947294306980486,0.8767370918540278,0.0,3880,0,0,1091,,,,
CAID3,disorder_nox,disordered,31-100,PUNCH2-Light Paper-8,76,4971,4971,0,1.0,0.6532049151335546,-0.3467950848664454,0.21757386013752544,0.3467950848664454,0.7351236799443612,0.26272379802856566,0.848772579898101,0.0,3665,0,0,1306,,,,
CAID3,disorder_nox,disordered,31-100,PUNCH2-Light Released-13,76,4971,4971,0,1.0,0.690903722932408,-0.309096277067592,0.19281929296640932,0.309096277067592,0.6613015551709284,0.23898611949305976,0.864290610006854,0.0,3783,0,0,1188,,,,
CAID3,disorder_nox,ordered,1-15,A10-locked,7,51,0,51,0.0,0.674427443109804,0.674427443109804,0.6100116983295845,0.674427443109804,2.1635224351997033,0.7058823529411765,0.0,0.0,0,15,36,0,,,,
CAID3,disorder_nox,ordered,1-15,LoRA-DR-Suite 650M,7,51,0,51,0.0,0.5260223327921568,0.5260223327921568,0.3999696544071325,0.5260223327921568,1.3573057299082827,0.5294117647058824,0.0,0.0,0,24,27,0,,,,
CAID3,disorder_nox,ordered,1-15,PUNCH2-Light Paper-8,7,51,0,51,0.0,0.481016693754902,0.481016693754902,0.3378908316639555,0.481016693754902,0.9509044999308935,0.6274509803921569,0.0,0.0,0,19,32,0,,,,
CAID3,disorder_nox,ordered,1-15,PUNCH2-Light Released-13,7,51,0,51,0.0,0.5304256349215686,0.5304256349215686,0.3975720737145357,0.5304256349215686,1.0620765355767539,0.6274509803921569,0.0,0.0,0,19,32,0,,,,
CAID3,disorder_pdb,disordered,16-30,A10-locked,107,2627,2627,0,1.0,0.6819291300767606,-0.3180708699232394,0.21509438077804663,0.3180708699232394,0.6918775954452958,0.30148458317472404,0.8225011205737337,0.0,1835,0,0,792,,,,
CAID3,disorder_pdb,disordered,16-30,LoRA-DR-Suite 650M,107,2627,2627,0,1.0,0.6052527554002817,-0.3947472445997183,0.25585479268642974,0.3947472445997183,0.7885352946542373,0.3555386372287781,0.7837962962962963,0.0,1693,0,0,934,,,,
CAID3,disorder_pdb,disordered,16-30,PUNCH2-Light Paper-8,107,2627,2627,0,1.0,0.4647430695624667,-0.5352569304375333,0.38195469448753827,0.5352569304375333,1.2215340804308463,0.5047582794061667,0.6624236252545824,0.0,1301,0,0,1326,,,,
CAID3,disorder_pdb,disordered,16-30,PUNCH2-Light Released-13,107,2627,2627,0,1.0,0.5135155252526836,-0.4864844747473164,0.3415602173540862,0.4864844747473163,1.1193943774849853,0.43852303007232585,0.719161384690395,0.0,1475,0,0,1152,,,,
CAID3,disorder_pdb,ordered,31-100,A10-locked,136,14219,0,14219,0.0,0.22508591890298688,0.22508591890298688,0.12626995569760405,0.22508591890298688,0.4284280535007161,0.16632674590336874,0.0,0.0,0,11854,2365,0,,,,
CAID3,disorder_pdb,ordered,31-100,LoRA-DR-Suite 650M,136,14219,0,14219,0.0,0.21503257246816795,0.21503257246816795,0.11339984193087345,0.21503257246816795,0.362682333430306,0.16084112806807793,0.0,0.0,0,11932,2287,0,,,,
CAID3,disorder_pdb,ordered,31-100,PUNCH2-Light Paper-8,136,14219,0,14219,0.0,0.10368617646572194,0.10368617646572194,0.04024508719040616,0.10368617646572194,0.14389961643256566,0.05984949715169843,0.0,0.0,0,13368,851,0,,,,
CAID3,disorder_pdb,ordered,31-100,PUNCH2-Light Released-13,136,14219,0,14219,0.0,0.10688277928283987,0.10688277928283987,0.04406076188716225,0.10688277928283987,0.1540549025321616,0.06364723257613053,0.0,0.0,0,13314,905,0,,,,
CAID3,disorder_pdb,disordered,1-15,A10-locked,94,1382,1382,0,1.0,0.4680419079690883,-0.5319580920309117,0.41304262619313625,0.5319580920309117,1.3715836291904027,0.5434153400868307,0.6269249875807252,0.0,631,0,0,751,,,,
CAID3,disorder_pdb,disordered,1-15,LoRA-DR-Suite 650M,94,1382,1382,0,1.0,0.5517601234103473,-0.4482398765896527,0.30284740766093116,0.44823987658965275,0.9308801048949552,0.41244573082489144,0.740200546946217,0.0,812,0,0,570,,,,
CAID3,disorder_pdb,disordered,1-15,PUNCH2-Light Paper-8,94,1382,1382,0,1.0,0.34616049868632415,-0.6538395013136759,0.5080108140420417,0.6538395013136759,1.5765731243633119,0.7004341534008683,0.4610244988864143,0.0,414,0,0,968,,,,
CAID3,disorder_pdb,disordered,1-15,PUNCH2-Light Released-13,94,1382,1382,0,1.0,0.3812396879791606,-0.6187603120208394,0.47163607931935714,0.6187603120208394,1.4742484037630081,0.650506512301013,0.5179624664879356,0.0,483,0,0,899,,,,
CAID3,disorder_pdb,ordered,101+,A10-locked,160,51766,0,51766,0.0,0.09877494420240661,0.09877494420240661,0.0427581082747621,0.09877494420240661,0.15733040408866258,0.055750878955298844,0.0,0.0,0,48880,2886,0,,,,
CAID3,disorder_pdb,ordered,101+,LoRA-DR-Suite 650M,160,51766,0,51766,0.0,0.10773905459195225,0.10773905459195225,0.03806259783301076,0.10773905459195225,0.14754213036332273,0.04483637909052274,0.0,0.0,0,49445,2321,0,,,,
CAID3,disorder_pdb,ordered,101+,PUNCH2-Light Paper-8,160,51766,0,51766,0.0,0.0378248681456825,0.0378248681456825,0.007949980083046686,0.0378248681456825,0.0452522854655758,0.0070123246918827025,0.0,0.0,0,51403,363,0,,,,
CAID3,disorder_pdb,ordered,101+,PUNCH2-Light Released-13,160,51766,0,51766,0.0,0.03971659155863308,0.03971659155863308,0.009224273134186415,0.03971659155863308,0.04867864696465991,0.009253177761465054,0.0,0.0,0,51287,479,0,,,,
CAID3,disorder_pdb,disordered,101+,A10-locked,86,20235,20235,0,1.0,0.9286947134588786,-0.07130528654112145,0.04914754531179941,0.07130528654112132,0.16644015350589716,0.06103286384976526,0.9685230024213075,0.0,19000,0,0,1235,,,,
CAID3,disorder_pdb,disordered,101+,LoRA-DR-Suite 650M,86,20235,20235,0,1.0,0.7332882848363212,-0.26671171516367875,0.15825139900129395,0.26671171516367875,0.48506023786492636,0.23696565357054608,0.8655921513665031,0.0,15440,0,0,4795,,,,
CAID3,disorder_pdb,disordered,101+,PUNCH2-Light Paper-8,86,20235,20235,0,1.0,0.7165194851737237,-0.28348051482627634,0.1544902164094209,0.28348051482627623,0.5617142223786629,0.1445021003212256,0.9221221967719598,0.0,17311,0,0,2924,,,,
CAID3,disorder_pdb,disordered,101+,PUNCH2-Light Released-13,86,20235,20235,0,1.0,0.7653294974424166,-0.23467050255758337,0.12766013136095344,0.23467050255758343,0.49034928912482906,0.13308623671855696,0.9287132382137279,0.0,17542,0,0,2693,,,,
CAID3,disorder_pdb,disordered,31-100,A10-locked,111,7157,7157,0,1.0,0.8100308901349798,-0.18996910986502025,0.13475077934531232,0.18996910986502027,0.4377776427644245,0.17716920497415117,0.9028054576115283,0.0,5889,0,0,1268,,,,
CAID3,disorder_pdb,disordered,31-100,LoRA-DR-Suite 650M,111,7157,7157,0,1.0,0.6635847698996578,-0.33641523010034224,0.219943980666748,0.33641523010034224,0.7179265281631487,0.28992594662568116,0.8304600049023613,0.0,5082,0,0,2075,,,,
CAID3,disorder_pdb,disordered,31-100,PUNCH2-Light Paper-8,111,7157,7157,0,1.0,0.592751194757119,-0.407248805242881,0.2758495618195061,0.4072488052428811,0.9114344399862543,0.3458152857342462,0.7909451811808429,0.0,4682,0,0,2475,,,,
CAID3,disorder_pdb,disordered,31-100,PUNCH2-Light Released-13,111,7157,7157,0,1.0,0.6295562131218247,-0.37044378687817525,0.24995582699663305,0.3704437868781752,0.841766867094405,0.3147967025289926,0.8131995688583036,0.0,4904,0,0,2253,,,,
CAID3,disorder_pdb,ordered,1-15,A10-locked,34,501,0,501,0.0,0.4093054968815569,0.4093054968815569,0.30391211135864993,0.4093054968815569,1.1490543147351315,0.3912175648702595,0.0,0.0,0,305,196,0,,,,
CAID3,disorder_pdb,ordered,1-15,LoRA-DR-Suite 650M,34,501,0,501,0.0,0.3195964062903393,0.3195964062903393,0.19111432150839566,0.3195964062903393,0.5760919851237781,0.26746506986027946,0.0,0.0,0,367,134,0,,,,
CAID3,disorder_pdb,ordered,1-15,PUNCH2-Light Paper-8,34,501,0,501,0.0,0.20420275752115769,0.20420275752115769,0.102597354402544,0.20420275752115769,0.30918153755307515,0.16766467065868262,0.0,0.0,0,417,84,0,,,,
CAID3,disorder_pdb,ordered,1-15,PUNCH2-Light Released-13,34,501,0,501,0.0,0.22820422988922157,0.22820422988922157,0.12750342370198495,0.22820422988922157,0.37444281364747894,0.18762475049900199,0.0,0.0,0,407,94,0,,,,
CAID3,disorder_pdb,ordered,16-30,A10-locked,41,1352,0,1352,0.0,0.384225399017071,0.384225399017071,0.2865758697994274,0.384225399017071,0.9546155719405999,0.375,0.0,0.0,0,845,507,0,,,,
CAID3,disorder_pdb,ordered,16-30,LoRA-DR-Suite 650M,41,1352,0,1352,0.0,0.3292222450301701,0.3292222450301701,0.2036250032193015,0.3292222450301701,0.6276222979042558,0.2581360946745562,0.0,0.0,0,1003,349,0,,,,
CAID3,disorder_pdb,ordered,16-30,PUNCH2-Light Paper-8,41,1352,0,1352,0.0,0.18041322728468934,0.18041322728468934,0.09733534087805278,0.18041322728468934,0.30321422864849307,0.16494082840236687,0.0,0.0,0,1129,223,0,,,,
CAID3,disorder_pdb,ordered,16-30,PUNCH2-Light Released-13,41,1352,0,1352,0.0,0.19884576333957096,0.19884576333957096,0.11928371013717187,0.19884576333957096,0.3518970915914907,0.20710059171597633,0.0,0.0,0,1072,280,0,,,,
