dataset,track,model,proteins,stratification,stratum,residues,positive_labels,negative_labels,prevalence,mean_score,calibration_bias,brier_score,mean_absolute_error,log_loss,error_rate_at_0_5,f1_at_0_5_full_precision,mcc_at_0_5_full_precision,tp,tn,fp,fn,roc_auc_full_precision,aucpr_trapezoid_full_precision,aps_full_precision,fmax_full_precision
CAID2,disorder_nox,A10-locked,64,protein_length,201-500,21957,9627,12330,0.4384478753928132,0.6656463080870446,0.2271984326942314,0.2609256649776428,0.3116816234866056,1.2091351437752993,0.29498565377783853,0.7325874241360802,0.48084681937062373,8872,6608,5722,755,0.7740250180053381,0.6663226570147146,0.6663636505458133,0.7372378145157846
CAID2,disorder_nox,LoRA-DR-Suite 650M,64,protein_length,201-500,21957,9627,12330,0.4384478753928132,0.5921696151527527,0.15372173975993947,0.21130781788611372,0.31375998295856405,0.6637388019802888,0.28892835997631733,0.725153799497444,0.46535559059033865,8369,7244,5086,1258,0.8218556412078054,0.7599545353613886,0.7597172958602381,0.7317869977131656
CAID2,disorder_nox,PUNCH2-Light Paper-8,64,protein_length,201-500,21957,9627,12330,0.4384478753928132,0.47754896914594436,0.039101093753131144,0.21646718983562888,0.3274267677608371,0.7025865775418371,0.29430250034157673,0.702841901958981,0.4297601368834712,7642,7853,4477,1985,0.7622931197410365,0.6500959410232153,0.650174020419634,0.7230408573342265
CAID2,disorder_nox,PUNCH2-Light Released-13,64,protein_length,201-500,21957,9627,12330,0.4384478753928132,0.5131100441135583,0.0746621687207451,0.2211444867818182,0.3180913509324407,0.730001937914215,0.2894293391629093,0.7114118341583036,0.44406969907388155,7833,7769,4561,1794,0.7636661504953922,0.6512902708778177,0.6513992031519695,0.7300331717274815
CAID2,disorder_nox,A10-locked,43,protein_length,1001+,86789,7928,78861,0.09134798188710551,0.44297946109926273,0.3516314792121572,0.31575386388582616,0.3785312356019278,1.5729920137605777,0.34560831441772577,0.31126724989093246,0.28649738134575414,6778,50016,28845,1150,0.7789664501019952,0.20407482557212625,0.20416615672630134,0.3429009705301041
CAID2,disorder_nox,LoRA-DR-Suite 650M,43,protein_length,1001+,86789,7928,78861,0.09134798188710551,0.22542224668564623,0.13407426479854073,0.13636907524866707,0.2378495413231118,0.4090790662089863,0.21486593923193031,0.23748773307163887,0.14200696957209052,2904,65237,13624,5024,0.7559285087451767,0.21716698508817006,0.21731031323506703,0.3193410180556972
CAID2,disorder_nox,PUNCH2-Light Paper-8,43,protein_length,1001+,86789,7928,78861,0.09134798188710551,0.32126050815680096,0.22991252626969544,0.2022660260450192,0.2947838689383793,0.6706981212542101,0.2931477491387157,0.3204957000160248,0.2789262249138336,6000,55347,23514,1928,0.7738790947185221,0.191381504774834,0.19142584391602444,0.3454092644861365
CAID2,disorder_nox,PUNCH2-Light Released-13,43,protein_length,1001+,86789,7928,78861,0.09134798188710551,0.34744148663355845,0.2560935047464529,0.22374810484910146,0.31123011224537095,0.7339139555613774,0.30456624687460393,0.3217960230917255,0.286594040767978,6271,54085,24776,1657,0.777910411344535,0.19821835066899163,0.1982659845907191,0.3424633451707043
CAID2,disorder_nox,A10-locked,64,protein_length,501-1000,47218,10833,36385,0.22942521919606929,0.5548889958184277,0.32546377662235837,0.3070275622487097,0.3612781765154789,1.525688182795649,0.3382184760049134,0.5595454796182912,0.43555934728902695,10144,21104,15281,689,0.778089999306244,0.40408342777959994,0.404186938192046,0.5989863695029434
CAID2,disorder_nox,LoRA-DR-Suite 650M,64,protein_length,501-1000,47218,10833,36385,0.22942521919606929,0.3642121358728015,0.1347869166767322,0.18301551368235405,0.2968202972921958,0.5516373978890899,0.2694735058664069,0.5485381776894692,0.3917035996206119,7730,26764,9621,3103,0.8036883315820718,0.5254600561491105,0.525300301197844,0.5641992090954029
CAID2,disorder_nox,PUNCH2-Light Paper-8,64,protein_length,501-1000,47218,10833,36385,0.22942521919606929,0.40813043919171293,0.17870521999564365,0.21560727571579597,0.31579528718053074,0.7015634253008804,0.2938498030412131,0.5748429600122567,0.4423368238466106,9380,23963,12422,1453,0.7757433988423521,0.4144765218728278,0.4145878973157091,0.5758398166576202
CAID2,disorder_nox,PUNCH2-Light Released-13,64,protein_length,501-1000,47218,10833,36385,0.22942521919606929,0.4365526966111165,0.20712747741504722,0.23009659242016237,0.3195739461676839,0.7596370418800669,0.3000127070185099,0.5741598028016593,0.4441325080758898,9550,23502,12883,1283,0.7787945429240236,0.4176795273437288,0.4177757136699032,0.5750432329116227
CAID2,disorder_nox,A10-locked,39,protein_length,1-200,4838,2927,1911,0.6050020669698223,0.7285739312118148,0.12357186424199251,0.20029337435917252,0.27304309163360063,0.781464185068114,0.2472095907399752,0.8144009931719429,0.4709232062468752,2624,1018,893,303,0.7868951212452604,0.8332505616504724,0.8332977107203781,0.8182965299684543
CAID2,disorder_nox,LoRA-DR-Suite 650M,39,protein_length,1-200,4838,2927,1911,0.6050020669698223,0.7330275099187267,0.1280254429489044,0.20260013176208083,0.3086460509292683,0.608450901121613,0.3023976849937991,0.7783669141039238,0.34247846094731377,2569,806,1105,358,0.8258564365011727,0.8926129901757146,0.8924472399311223,0.7925356750823271
CAID2,disorder_nox,PUNCH2-Light Paper-8,39,protein_length,1-200,4838,2927,1911,0.6050020669698223,0.47107116001924354,-0.13393090695057874,0.24023638524883478,0.3506804526601695,0.8151320290740087,0.2937164117403886,0.7377744971396936,0.4156843795233863,1999,1418,493,928,0.7540429538086819,0.7369594515940503,0.7372487546608064,0.8322580645161289
CAID2,disorder_nox,PUNCH2-Light Released-13,39,protein_length,1-200,4838,2927,1911,0.6050020669698223,0.49801183358408435,-0.10699023338573793,0.22663650997104384,0.3282947097515089,0.7989302667068552,0.27821413807358414,0.7553616866593967,0.44075429216666706,2078,1414,497,849,0.7567155216137595,0.7370541628837763,0.7373240884372737,0.8321623731459797
CAID2,disorder_nox,A10-locked,52,known_label_disorder_fraction,"(0.60,1.00]",18259,15144,3115,0.8293992003943261,0.8668702841988087,0.03747108380448261,0.10569040800333938,0.13880253963295963,0.4263062060528636,0.12492469467112109,0.9266111128985554,0.5164890509505906,14400,1578,1537,744,0.8384748681252804,0.9503281090607337,0.9503333969139476,0.9269475794715908
CAID2,disorder_nox,LoRA-DR-Suite 650M,52,known_label_disorder_fraction,"(0.60,1.00]",18259,15144,3115,0.8293992003943261,0.6641623384784764,-0.16523686191584974,0.1565590910470367,0.27505407796568154,0.4884294468972052,0.2401555397338299,0.841381805028034,0.395338289265123,11630,2244,871,3514,0.8330370974757894,0.9557165603072877,0.9556832798388906,0.9243102282605197
CAID2,disorder_nox,PUNCH2-Light Paper-8,52,known_label_disorder_fraction,"(0.60,1.00]",18259,15144,3115,0.8293992003943261,0.6604171033611425,-0.16898209703318368,0.15684828068598383,0.29276635380116656,0.5454522562760487,0.1703817295580262,0.8946816073665325,0.45440679444536625,13214,1934,1181,1930,0.7809511514500919,0.9175983293394795,0.9176329380648354,0.9202179596207755
CAID2,disorder_nox,PUNCH2-Light Released-13,52,known_label_disorder_fraction,"(0.60,1.00]",18259,15144,3115,0.8293992003943261,0.7059153153399529,-0.12348388505437324,0.13927123479086823,0.25570207156707375,0.5083682814001047,0.1634810230571225,0.8998221297446052,0.4581819297051482,13406,1868,1247,1738,0.7837832039812132,0.9164616408296238,0.9165176599850013,0.9199103450453011
CAID2,disorder_nox,A10-locked,71,known_label_disorder_fraction,0-0.10,89730,3708,86022,0.04132397191574724,0.44739089392348036,0.4060669220077331,0.3509870936897169,0.41948063348356057,1.7758653662843855,0.3834169174189234,0.156309774878611,0.18820922143161511,3187,52139,33883,521,0.7247862880815943,0.06675937843126464,0.06680695506096618,0.1603647090372754
CAID2,disorder_nox,LoRA-DR-Suite 650M,71,known_label_disorder_fraction,0-0.10,89730,3708,86022,0.04132397191574724,0.2599351699662008,0.21861119805045356,0.14732918835980402,0.25198179796422604,0.43619969706780065,0.2281956982057283,0.19086382676045205,0.1994039150725978,2415,66839,19183,1293,0.8143948202131979,0.1518004888479637,0.1518637816716921,0.20932069510268564
CAID2,disorder_nox,PUNCH2-Light Paper-8,71,known_label_disorder_fraction,0-0.10,89730,3708,86022,0.04132397191574724,0.32283099237026186,0.2815070204545146,0.22535665446698666,0.3178775177538638,0.7325883395921285,0.33083695531037555,0.14028381117868519,0.1353959259538491,2422,57622,28400,1286,0.7111738032971522,0.06744901110978443,0.06748564284848478,0.14281047530897803
CAID2,disorder_nox,PUNCH2-Light Released-13,71,known_label_disorder_fraction,0-0.10,89730,3708,86022,0.04132397191574724,0.34788021841494593,0.30655624649919866,0.2508017487502699,0.33819623084182665,0.8099055316460064,0.34251643820349936,0.1453756743228964,0.14949388217312845,2614,56382,29640,1094,0.7133112093424233,0.0692895921283349,0.0693326665601003,0.14655243204773766
CAID2,disorder_nox,A10-locked,62,known_label_disorder_fraction,"(0.10,0.30]",40203,6730,33473,0.16740044275302837,0.4468642234849561,0.2794637807319277,0.30137388413303934,0.3509693293370656,1.4613912087124528,0.3326119941297913,0.4432972522897586,0.32697022027633127,5324,21507,11966,1406,0.7447064696396097,0.30464601252763934,0.30482116379591806,0.4598624963687422
CAID2,disorder_nox,LoRA-DR-Suite 650M,62,known_label_disorder_fraction,"(0.10,0.30]",40203,6730,33473,0.16740044275302837,0.3051586179922618,0.13775817523923342,0.1719922508000388,0.27112208138876653,0.5459539228853784,0.23771857821555606,0.47347253594843264,0.3523718542670813,4297,26349,7124,2433,0.7809030688902356,0.40814764341344656,0.40837520431430185,0.47980812860569133
CAID2,disorder_nox,PUNCH2-Light Paper-8,62,known_label_disorder_fraction,"(0.10,0.30]",40203,6730,33473,0.16740044275302837,0.32301192722984606,0.1556114844768177,0.20851869367258588,0.29241201323691013,0.6957505103921597,0.28729199313484066,0.4481605351170569,0.32240898907544935,4690,23963,9510,2040,0.7510053832835664,0.30476986189588284,0.30488498112347634,0.4514224117729766
CAID2,disorder_nox,PUNCH2-Light Released-13,62,known_label_disorder_fraction,"(0.10,0.30]",40203,6730,33473,0.16740044275302837,0.34669365291114346,0.17929321015811508,0.2241738818369573,0.3003988602865184,0.7568582927074943,0.29037634007412383,0.45310596833130323,0.33093737794567196,4836,23693,9780,1894,0.7535229165428357,0.3058783832768316,0.3059974953474538,0.45390266299357207
CAID2,disorder_nox,A10-locked,25,known_label_disorder_fraction,"(0.30,0.60]",12610,5733,6877,0.45463917525773195,0.7017508256988738,0.24711165044114186,0.24261271671676993,0.3006616549251546,1.0311988485219408,0.2839809674861221,0.7546420006851662,0.5150266930861755,5507,3522,3355,226,0.8558365692186503,0.8110979156247221,0.8111473669273817,0.7655824616707264
CAID2,disorder_nox,LoRA-DR-Suite 650M,25,known_label_disorder_fraction,"(0.30,0.60]",12610,5733,6877,0.45463917525773195,0.44337672273193346,-0.011262452525798494,0.2461350053713948,0.3574926249542808,0.7185375428148809,0.3775574940523394,0.5757062650387665,0.23608509781208717,3230,4619,2258,2503,0.7508070024428901,0.6577849301663082,0.6576705943343519,0.7854951185495119
CAID2,disorder_nox,PUNCH2-Light Paper-8,25,known_label_disorder_fraction,"(0.30,0.60]",12610,5733,6877,0.45463917525773195,0.4683058653298414,0.013666690072109466,0.17303900032809943,0.29789928237943697,0.5582966750906201,0.22624900872323553,0.7669688801764274,0.5530233905293637,4695,5062,1815,1038,0.8260967977829565,0.7373872198864366,0.7375407038594688,0.7711426726920594
CAID2,disorder_nox,PUNCH2-Light Released-13,25,known_label_disorder_fraction,"(0.30,0.60]",12610,5733,6877,0.45463917525773195,0.5075541817884853,0.05291500653075337,0.17254997155058002,0.2840180096535607,0.5610613455526966,0.23053132434575735,0.7703610079785133,0.5528294594866948,4876,4827,2050,857,0.8328604708774634,0.7476158170369588,0.7477430759391819,0.7717139432680783
CAID2,disorder_pdb,A10-locked,105,protein_length,201-500,27110,10896,16214,0.4019181113980081,0.40554977334716674,0.003631661949158649,0.05964190699581446,0.1044121319570642,0.20992254887144096,0.07746219107340464,0.9021891010712623,0.8383492297836793,9685,15325,889,1211,0.972096697515988,0.9655354009019095,0.9655368497944726,0.9028650011460005
CAID2,disorder_pdb,LoRA-DR-Suite 650M,105,protein_length,201-500,27110,10896,16214,0.4019181113980081,0.41796819326855,0.01605008187054191,0.08712458244637308,0.17815788940600483,0.29183552748223807,0.11722611582441904,0.8538178472861087,0.7559799805094642,9281,14651,1563,1615,0.9448276590886904,0.9198877621214055,0.9198203926730565,0.8543134816452489
CAID2,disorder_pdb,PUNCH2-Light Paper-8,105,protein_length,201-500,27110,10896,16214,0.4019181113980081,0.2970671283296238,-0.1048509830683843,0.0940464621049635,0.17141073843303212,0.32557360664635904,0.10955367023238657,0.8496050232934981,0.7751048874310967,8389,15751,463,2507,0.9572769322282171,0.9465205435536395,0.946523085342102,0.8747538581306956
CAID2,disorder_pdb,PUNCH2-Light Released-13,105,protein_length,201-500,27110,10896,16214,0.4019181113980081,0.31781636968623017,-0.08410174171177792,0.08261035589344663,0.1517556298773257,0.2944739014406781,0.10114348948727407,0.8627902321857485,0.7918246323964448,8621,15747,467,2275,0.9601220809159141,0.9500641163096497,0.9500665123814896,0.8859004187994415
CAID2,disorder_pdb,A10-locked,86,protein_length,1001+,53700,9882,43818,0.1840223463687151,0.22593059020176962,0.041908243833054526,0.06155903660353043,0.11328599213934133,0.22703401126633388,0.07573556797020484,0.7966398319915995,0.7501932833840073,7966,41667,2151,1916,0.9397396547968386,0.8776771897811207,0.8776812816057662,0.8174158830244062
CAID2,disorder_pdb,LoRA-DR-Suite 650M,86,protein_length,1001+,53700,9882,43818,0.1840223463687151,0.16175273612331842,-0.02226961024539667,0.09790633265198069,0.18179164435497355,0.3179512496139177,0.14446927374301677,0.502309468822171,0.44677213468169974,3915,42027,1791,5967,0.879264022157335,0.6478007088675884,0.6478395394330689,0.6548072495918966
CAID2,disorder_pdb,PUNCH2-Light Paper-8,86,protein_length,1001+,53700,9882,43818,0.1840223463687151,0.16359420662559218,-0.02042813974312291,0.06361041214443243,0.12272305897856425,0.22732128724281786,0.07931098696461825,0.7663612924461025,0.7227222493107194,6985,42456,1362,2897,0.9332852625608592,0.8368828947450413,0.836892363080577,0.7714015946286195
CAID2,disorder_pdb,PUNCH2-Light Released-13,86,protein_length,1001+,53700,9882,43818,0.1840223463687151,0.17775383149363128,-0.006268514875083814,0.061146612665622935,0.11865773049058845,0.22042026532068698,0.0761266294227188,0.7818104184457728,0.7375003632605931,7324,42288,1530,2558,0.9340897264797964,0.8429860995397831,0.8429957926612309,0.7821050953721905
CAID2,disorder_pdb,A10-locked,112,protein_length,501-1000,45032,13230,31802,0.29379108189731745,0.32863257683880354,0.034841494941486084,0.058609132225109606,0.10389170440505242,0.22237076938978187,0.07086072126487832,0.8814944108144243,0.8312295600923588,11868,29973,1829,1362,0.9574600312981548,0.9395606480253814,0.9395633799803017,0.8855774348057477
CAID2,disorder_pdb,LoRA-DR-Suite 650M,112,protein_length,501-1000,45032,13230,31802,0.29379108189731745,0.2646037986318178,-0.02918728326549963,0.09953616191675262,0.1890614727624587,0.32433754179450586,0.13659175697281933,0.7480853503706434,0.6596225757798437,9133,29748,2054,4097,0.9216011623888037,0.8260750086406312,0.8259753037856414,0.7947263963708534
CAID2,disorder_pdb,PUNCH2-Light Paper-8,112,protein_length,501-1000,45032,13230,31802,0.29379108189731745,0.24060915705546057,-0.05318192484185688,0.06835412239499437,0.14012632643985387,0.2447603114888355,0.07416947948125777,0.8662502002242513,0.8179671545585043,10816,30876,926,2414,0.958200944116475,0.9246924037587335,0.9246972157056852,0.8702032488425017
CAID2,disorder_pdb,PUNCH2-Light Released-13,112,protein_length,501-1000,45032,13230,31802,0.29379108189731745,0.2587380173606346,-0.03505306453668283,0.061815995687801606,0.12783405517879953,0.2271017823013217,0.07308136436311956,0.8705299185648531,0.8210758184922373,11064,30677,1125,2166,0.9595575191413728,0.9288220752924488,0.9288256804567248,0.871889970638232
CAID2,disorder_pdb,A10-locked,45,protein_length,1-200,5035,3064,1971,0.608540218470705,0.5837600680650208,-0.024780150405684265,0.07997455541300844,0.1492240092647309,0.2665044521649607,0.10724925521350546,0.9085365853658536,0.7826507019841809,2682,1813,158,382,0.9547702455844735,0.9747242598013923,0.974728021899327,0.9107692307692308
CAID2,disorder_pdb,LoRA-DR-Suite 650M,45,protein_length,1-200,5035,3064,1971,0.608540218470705,0.6328096812571103,0.024269462786405294,0.11587660289269217,0.22410416736733865,0.34898021323041845,0.1916583912611718,0.8455258524091566,0.5940948670233033,2641,1429,542,423,0.9182550540275245,0.9507878352878706,0.9507564351657445,0.8532173913043478
CAID2,disorder_pdb,PUNCH2-Light Paper-8,45,protein_length,1-200,5035,3064,1971,0.608540218470705,0.3719925515945184,-0.23654766687618667,0.1691940563416579,0.2658583423163456,0.5764597272980886,0.20337636544190665,0.8003898635477582,0.6582962739096766,2053,1958,13,1011,0.9508339261325777,0.9716150398186041,0.971619647965779,0.9144747725392887
CAID2,disorder_pdb,PUNCH2-Light Released-13,45,protein_length,1-200,5035,3064,1971,0.608540218470705,0.3953621293566633,-0.21317808911404174,0.1511760495291435,0.23988295007233365,0.5337458868525264,0.18709036742800397,0.8193325661680092,0.6808639568658832,2136,1957,14,928,0.9540454739943277,0.9740886428823985,0.9740927033263065,0.917575961054222
CAID2,disorder_pdb,A10-locked,119,known_label_disorder_fraction,"(0.60,1.00]",27817,25294,2523,0.9093000683035554,0.8662808055397118,-0.0430192627638436,0.056698070534890295,0.09100400729662436,0.19806929218846445,0.0717187331487939,0.9597693036762185,0.6420302176246924,23797,2025,498,1497,0.9445724698473421,0.9929568593854441,0.9929572648788105,0.9624222115844902
CAID2,disorder_pdb,LoRA-DR-Suite 650M,119,known_label_disorder_fraction,"(0.60,1.00]",27817,25294,2523,0.9093000683035554,0.6229947624182677,-0.2863053058852877,0.1903879249500613,0.31731271970856634,0.5814134746001259,0.2962936333896538,0.8078966996084281,0.3423765245693169,17331,2244,279,7963,0.8934787932361721,0.985900017717192,0.9858907852552194,0.959609479568538
CAID2,disorder_pdb,PUNCH2-Light Paper-8,119,known_label_disorder_fraction,"(0.60,1.00]",27817,25294,2523,0.9093000683035554,0.647683195000985,-0.26161687330257033,0.155513590260238,0.29252887099183233,0.5477220207193918,0.15885969011755402,0.9056676272814602,0.48443611717191776,21213,2185,338,4081,0.9086353049375961,0.9885959442695659,0.9885963410102304,0.9538360882867973
CAID2,disorder_pdb,PUNCH2-Light Released-13,119,known_label_disorder_fraction,"(0.60,1.00]",27817,25294,2523,0.9093000683035554,0.6969672700593487,-0.2123327982442067,0.129298008216968,0.24620030265891,0.48075146746568537,0.1425387353057483,0.9164401171735053,0.4961507924828203,21743,2109,414,3551,0.9114281605199588,0.988920415770239,0.988920808465217,0.9546809206098944
CAID2,disorder_pdb,A10-locked,94,known_label_disorder_fraction,"(0.10,0.30]",35118,6029,29089,0.1716783415912068,0.19885348037108946,0.027175138779882674,0.07783207476570436,0.133223092311106,0.2848846361999396,0.09747138219716385,0.7102344874291036,0.6518774679743914,4195,27500,1589,1834,0.8922945715621429,0.781823472356579,0.7818357589784575,0.7197698462644969
CAID2,disorder_pdb,LoRA-DR-Suite 650M,94,known_label_disorder_fraction,"(0.10,0.30]",35118,6029,29089,0.1716783415912068,0.21160633555325017,0.039927993962043384,0.09548030950440521,0.17801564739221368,0.31699771770248375,0.12457998747081268,0.6438746438746438,0.5685536387812974,3955,26788,2301,2074,0.8804333405647783,0.6512580447581033,0.6511509776879579,0.6444157103604332
CAID2,disorder_pdb,PUNCH2-Light Paper-8,94,known_label_disorder_fraction,"(0.10,0.30]",35118,6029,29089,0.1716783415912068,0.1349903589335583,-0.0366879826576485,0.07418134534111556,0.1309511218999402,0.2584643669037265,0.09265903525257703,0.6757026111221845,0.6419847369248372,3390,28474,615,2639,0.9171193608834187,0.7782786393369786,0.7782976992259975,0.7010878950094975
CAID2,disorder_pdb,PUNCH2-Light Released-13,94,known_label_disorder_fraction,"(0.10,0.30]",35118,6029,29089,0.1716783415912068,0.14491721717339828,-0.026761124417808507,0.0705909703160792,0.12632681771867418,0.24769250144663724,0.08949826299903184,0.6950024260067927,0.6573934231215596,3581,28394,695,2448,0.919792479062646,0.7879225240712022,0.7879403915520263,0.7152908872490132
CAID2,disorder_pdb,A10-locked,98,known_label_disorder_fraction,0-0.10,60262,2616,57646,0.043410441073976964,0.09782138039837923,0.05441093932440227,0.04494859871333414,0.0934813683609301,0.1739345046665418,0.05356609471972387,0.4687294272547729,0.4458835200160502,1424,55610,2036,1192,0.8650245411968716,0.44868637758395435,0.44905121829829575,0.4873546243308104
CAID2,disorder_pdb,LoRA-DR-Suite 650M,98,known_label_disorder_fraction,0-0.10,60262,2616,57646,0.043410441073976964,0.12009248887223774,0.07668204779826077,0.04929906307493329,0.11953384873650277,0.17895589885954463,0.0643855165776111,0.41158629056718227,0.3884023150425126,1357,55025,2621,1259,0.8841868913407054,0.345704643527038,0.3457983432311194,0.41629987221354536
CAID2,disorder_pdb,PUNCH2-Light Paper-8,98,known_label_disorder_fraction,0-0.10,60262,2616,57646,0.043410441073976964,0.06559932140731306,0.022188880333336096,0.0317812764271572,0.07139017946639839,0.12054226613466949,0.041054063920878826,0.4915741882449651,0.47176027681762833,1196,56592,1054,1420,0.9019017865924479,0.49300943848343676,0.4931170304561601,0.4929606202815752
CAID2,disorder_pdb,PUNCH2-Light Released-13,98,known_label_disorder_fraction,0-0.10,60262,2616,57646,0.043410441073976964,0.07121254720015434,0.027802106126177374,0.03286725607201297,0.07338100266499453,0.12279304970832573,0.042414788755766486,0.5025301673803036,0.48047391302804343,1291,56415,1231,1325,0.9052109118811312,0.5082692859068323,0.5083723141323699,0.5059002664636467
CAID2,disorder_pdb,A10-locked,37,known_label_disorder_fraction,"(0.30,0.60]",7680,3133,4547,0.40794270833333335,0.5064530566734232,0.09851034834008987,0.12309911559606199,0.1953780661115742,0.42219581167018116,0.16302083333333334,0.8164761067135736,0.6788393839834257,2785,3643,904,348,0.9366788735813227,0.9136443971458865,0.9136607290189831,0.8341501976284584
CAID2,disorder_pdb,LoRA-DR-Suite 650M,37,known_label_disorder_fraction,"(0.30,0.60]",7680,3133,4547,0.40794270833333335,0.40638339738064844,-0.0015593109526849114,0.13871224947907013,0.2542528887995286,0.42429452600453027,0.20247395833333334,0.7495570945401836,0.5797231674007949,2327,3798,749,806,0.8852519252933735,0.8396184723860918,0.839569095289121,0.7771093176815849
CAID2,disorder_pdb,PUNCH2-Light Paper-8,37,known_label_disorder_fraction,"(0.30,0.60]",7680,3133,4547,0.40794270833333335,0.36930359838433596,-0.038639109948997385,0.13662348010176195,0.240599840313112,0.44025020129549325,0.18828125,0.7717082412377644,0.611637871577263,2444,3790,757,689,0.8894315926201434,0.8493395289353154,0.849383499158876,0.7730330048490536
CAID2,disorder_pdb,PUNCH2-Light Released-13,37,known_label_disorder_fraction,"(0.30,0.60]",7680,3133,4547,0.40794270833333335,0.3952303840084115,-0.012712324324921864,0.13172736980006475,0.22701355383328128,0.424834650892469,0.18216145833333333,0.7834030035609227,0.627305082265957,2530,3751,796,603,0.8981824826223622,0.8632922318860384,0.8633242774424423,0.7837338262476895
CAID3,disorder_nox,A10-locked,61,protein_length,1-200,7571,3339,4232,0.4410249636771893,0.5834253809772671,0.14240041730007785,0.1519886263727137,0.23270496259829482,0.5656267692268723,0.18134988772949412,0.8190325556873599,0.6612460248844032,3107,3091,1141,232,0.8996121409294181,0.8684903714190008,0.8685181045552794,0.8315471283319592
CAID3,disorder_nox,LoRA-DR-Suite 650M,61,protein_length,1-200,7571,3339,4232,0.4410249636771893,0.5970957241444196,0.15607076046723029,0.21798739319738827,0.3287266625201955,0.6558409796644712,0.3218861444987452,0.6945732547938338,0.39575837058608815,2771,2363,1869,568,0.8294643317135917,0.8291901197841458,0.8289616167271474,0.740082304526749
CAID3,disorder_nox,PUNCH2-Light Paper-8,61,protein_length,1-200,7571,3339,4232,0.4410249636771893,0.3866619564863294,-0.0543630071908599,0.15996566040242993,0.25311823665468236,0.5324348982198291,0.21952185972790914,0.7401500938086304,0.5523660416559145,2367,3542,690,972,0.8651649945565129,0.7599575844357238,0.7601530711769071,0.8010293918461331
CAID3,disorder_nox,PUNCH2-Light Released-13,61,protein_length,1-200,7571,3339,4232,0.4410249636771893,0.40559555619562804,-0.03542940748156126,0.15518817534614446,0.23986148871048737,0.5270963937494654,0.21252146347906486,0.7521946711843522,0.5671309921050848,2442,3520,712,897,0.8688283792788555,0.7597009350830088,0.7598982207079255,0.8058066283210079
CAID3,disorder_nox,A10-locked,50,protein_length,501-1000,33327,8662,24665,0.25990938278272874,0.48598561953212194,0.2260762367493932,0.22330161065973309,0.27239713496427076,1.0408471243136184,0.2503975755393525,0.6564854073189806,0.5362200268740949,7974,17008,7657,688,0.8567967494979949,0.5856088203401353,0.5856728062275741,0.6854587342458327
CAID3,disorder_nox,LoRA-DR-Suite 650M,50,protein_length,501-1000,33327,8662,24665,0.25990938278272874,0.3497808905611264,0.08987150777839764,0.13127559057520993,0.22067502438606176,0.43886837477304036,0.17883397845590662,0.7014925373134329,0.5874232538749313,7003,20364,4301,1659,0.8841637138767778,0.7167814162569073,0.7166472181749493,0.7079552088308656
CAID3,disorder_nox,PUNCH2-Light Paper-8,50,protein_length,501-1000,33327,8662,24665,0.25990938278272874,0.3410733695033877,0.08116398672065894,0.1601944414130988,0.24663375056063253,0.5471743705399665,0.20775947430011701,0.6734886352918985,0.5480045091397802,7141,19262,5403,1521,0.8399896783605463,0.5138717541117007,0.5139773575531689,0.673948867649136
CAID3,disorder_nox,PUNCH2-Light Released-13,50,protein_length,501-1000,33327,8662,24665,0.25990938278272874,0.36460138901822847,0.10469200623549973,0.16524386179349293,0.24310666078150148,0.5718011651869914,0.2103099588921895,0.6752536718713802,0.5516576377688601,7287,19031,5634,1375,0.8406337393948924,0.5155350835446317,0.5156376005970017,0.6765986706394683
CAID3,disorder_nox,A10-locked,22,protein_length,1001+,35601,5334,30267,0.14982725204348193,0.4667700218417665,0.3169427697982846,0.3011579767813357,0.35107609874007556,1.444323351604423,0.32810876098985986,0.4512613332080612,0.3818502001127049,4803,19117,11150,531,0.8241142551452056,0.4260856713282154,0.42617700073526016,0.46159973448390307
CAID3,disorder_nox,LoRA-DR-Suite 650M,22,protein_length,1001+,35601,5334,30267,0.14982725204348193,0.28155733931089155,0.13173008726740962,0.17325616687068165,0.2850422447240873,0.5066020736705144,0.24128535715288896,0.37225957322420344,0.24071450331063438,2547,24464,5803,2787,0.7517638047003468,0.29421998581900694,0.2942108559076064,0.410063323635119
CAID3,disorder_nox,PUNCH2-Light Paper-8,22,protein_length,1001+,35601,5334,30267,0.14982725204348193,0.351199778913081,0.20137252686959908,0.21236445540126714,0.3001362568586444,0.6949354910533361,0.2979129799724727,0.43806294373211824,0.3413116486570139,4134,20861,9406,1200,0.7801941485929582,0.35337431370700106,0.353476040817473,0.45503439649781113
CAID3,disorder_nox,PUNCH2-Light Released-13,22,protein_length,1001+,35601,5334,30267,0.14982725204348193,0.3652406907750709,0.21541343873158894,0.21319995031220773,0.30217320740613746,0.65637995535743,0.3072104716159658,0.4356844332077808,0.34095210794326325,4222,20442,9825,1112,0.8070219912172987,0.4292910625565619,0.4293782139152154,0.4914702848528128
CAID3,disorder_nox,A10-locked,71,protein_length,201-500,23478,9032,14446,0.38470057074708236,0.5821096266629995,0.19740905591591712,0.19488395357539745,0.25060838872505325,0.8183759885988444,0.22995996251810205,0.7593921297740541,0.5947469156922234,8520,9559,4887,512,0.8926219205588584,0.7945969061421957,0.7946940028041287,0.796010787157177
CAID3,disorder_nox,LoRA-DR-Suite 650M,71,protein_length,201-500,23478,9032,14446,0.38470057074708236,0.5029983957912996,0.11829782504421721,0.1604701275691457,0.25993644765517204,0.5122377441426738,0.22199505920436152,0.7510032486145614,0.5747143167046828,7860,10406,4040,1172,0.8783099543187438,0.7877035401686767,0.7878054958783325,0.7635309945151609
CAID3,disorder_nox,PUNCH2-Light Paper-8,71,protein_length,201-500,23478,9032,14446,0.38470057074708236,0.4201671914845643,0.03546662073748191,0.14684284551659205,0.24245075467828606,0.48878548749456635,0.19166879631995912,0.7772718273609187,0.6230230793880799,7852,11126,3320,1180,0.86719402130067,0.768355017581299,0.7683884233914683,0.779225987567676
CAID3,disorder_nox,PUNCH2-Light Released-13,71,protein_length,201-500,23478,9032,14446,0.38470057074708236,0.44827076662862675,0.06357019588154439,0.14826197181053427,0.23179701114068915,0.5007866086157077,0.19235028537354118,0.7795782897305741,0.6268107255822505,7986,10976,3470,1046,0.8721551685658218,0.7722332293406214,0.7722880450455306,0.7857506880032618
CAID3,disorder_nox,A10-locked,72,known_label_disorder_fraction,"(0.10,0.30]",33203,5948,27255,0.17914043911694727,0.4469781719995684,0.26783773288262114,0.2430188201041784,0.30073673087350755,1.1084761078989478,0.2736800891485709,0.5489203276247208,0.473999134297961,5529,18587,8668,419,0.8458417703630202,0.4201327521494706,0.42028045830798894,0.5723615160349854
CAID3,disorder_nox,LoRA-DR-Suite 650M,72,known_label_disorder_fraction,"(0.10,0.30]",33203,5948,27255,0.17914043911694727,0.3607062237811047,0.1815657846641574,0.1717816952190974,0.27728514308317387,0.5238694833647497,0.24326115110080415,0.546770663823579,0.4498273036983211,4872,20254,7001,1076,0.8522934656461916,0.509480937312045,0.509339175590831,0.5531088082901555
CAID3,disorder_nox,PUNCH2-Light Paper-8,72,known_label_disorder_fraction,"(0.10,0.30]",33203,5948,27255,0.17914043911694727,0.3092797288933621,0.1301392897764148,0.16187999603243694,0.24737945195592873,0.5355246618575874,0.23067192723549076,0.5506072874493927,0.45030545954881485,4692,20852,6403,1256,0.8385180029650972,0.40958742298964657,0.4097355359021839,0.5511985105887828
CAID3,disorder_nox,PUNCH2-Light Released-13,72,known_label_disorder_fraction,"(0.10,0.30]",33203,5948,27255,0.17914043911694727,0.33120381326646986,0.1520633741495226,0.17381852394778544,0.25222198663027434,0.5770575742137782,0.23461735385356744,0.5528641946963608,0.45591713333590095,4816,20597,6658,1132,0.8385482165066114,0.4103210106542508,0.4104587984138124,0.5551444192853593
CAID3,disorder_nox,A10-locked,43,known_label_disorder_fraction,0-0.10,33811,1275,32536,0.0377096211292183,0.41590674314806575,0.3781971220188475,0.34008532749939724,0.40070590066425865,1.6346885344956306,0.3714175859927243,0.12621764542165323,0.13166674749955343,907,20346,12190,368,0.6823107676805662,0.054442423086262265,0.05450949714134944,0.12695957820738138
CAID3,disorder_nox,LoRA-DR-Suite 650M,43,known_label_disorder_fraction,0-0.10,33811,1275,32536,0.0377096211292183,0.25520142429397774,0.21749180316475944,0.14997605620940668,0.25437242570441215,0.45529195629482616,0.2014728934370471,0.16805080605764536,0.16450309431764437,688,26311,6225,587,0.7406744505030928,0.0939328345290279,0.09419260232279551,0.1907996295152825
CAID3,disorder_nox,PUNCH2-Light Paper-8,43,known_label_disorder_fraction,0-0.10,33811,1275,32536,0.0377096211292183,0.2968171923408358,0.25910757121161754,0.22086761871493432,0.300816588201047,0.726472932777239,0.30830203188311495,0.106616386698663,0.07742152539193703,622,22765,9771,653,0.6627088666792018,0.051377115800531,0.051438101191290136,0.1197372536753206
CAID3,disorder_nox,PUNCH2-Light Released-13,43,known_label_disorder_fraction,0-0.10,33811,1275,32536,0.0377096211292183,0.3052649578993878,0.2675553367701695,0.22279828308996227,0.30573778124646417,0.6935699981243719,0.3185058117180799,0.11519184947826802,0.09638268018527459,701,22341,10195,574,0.6836851367052845,0.05645471542996329,0.056532233204542114,0.12152777777777776
CAID3,disorder_nox,A10-locked,48,known_label_disorder_fraction,"(0.30,0.60]",20400,8588,11812,0.4209803921568627,0.517104908229049,0.09612451607218625,0.1555500816366622,0.20707548057269703,0.6130374347357689,0.18803921568627452,0.7975725593667546,0.6344842945571029,7557,9007,2805,1031,0.8957187631455131,0.83637437561585,0.8364596900480948,0.8050052137643378
CAID3,disorder_nox,LoRA-DR-Suite 650M,48,known_label_disorder_fraction,"(0.30,0.60]",20400,8588,11812,0.4209803921568627,0.4097631824571804,-0.011217209699682318,0.15827061729587075,0.2486138170078402,0.5277549796439653,0.2082843137254902,0.7492771581990914,0.571352650711793,6349,9802,2010,2239,0.8570944506159297,0.761284094230646,0.761790690462292,0.7527147087857847
CAID3,disorder_nox,PUNCH2-Light Paper-8,48,known_label_disorder_fraction,"(0.30,0.60]",20400,8588,11812,0.4209803921568627,0.35741429013267156,-0.06356610202419116,0.1499267425299731,0.2422921076172304,0.5160972821970587,0.18313725490196078,0.7780945592777381,0.6226702113700919,6550,10114,1698,2038,0.870381365582923,0.789706728204531,0.7898015567574254,0.7848298073185629
CAID3,disorder_nox,PUNCH2-Light Released-13,48,known_label_disorder_fraction,"(0.30,0.60]",20400,8588,11812,0.4209803921568627,0.38421176219611763,-0.03676862996074509,0.14597852096240987,0.22870902250320588,0.5108983647751635,0.18200980392156862,0.7829035841665205,0.626238908258041,6695,9992,1820,1893,0.8716390762372338,0.7854240509881619,0.7855232612571699,0.7882587948063478
CAID3,disorder_nox,A10-locked,41,known_label_disorder_fraction,"(0.60,1.00]",12563,10556,2007,0.8402451643715673,0.9110583776609911,0.0708132132894238,0.0914501874370128,0.116569596774881,0.3998017641963807,0.10483164849160233,0.9405122182573739,0.549614307045758,10411,835,1172,145,0.8546790241354955,0.9633398571475535,0.9633419564946313,0.9405122182573739
CAID3,disorder_nox,LoRA-DR-Suite 650M,41,known_label_disorder_fraction,"(0.60,1.00]",12563,10556,2007,0.8402451643715673,0.7200959653975213,-0.12014919897404597,0.15583745579378208,0.25589400731374673,0.48549551776211547,0.24365199395048953,0.8438663606222901,0.32363028265153115,8272,1230,777,2284,0.7701606569126285,0.9363089896074724,0.9362097077020533,0.9360121711115089
CAID3,disorder_nox,PUNCH2-Light Paper-8,41,known_label_disorder_fraction,"(0.60,1.00]",12563,10556,2007,0.8402451643715673,0.7216561379740348,-0.11858902639753244,0.13187147619303516,0.25359565956048713,0.4466021427355198,0.14908859348881637,0.9113708418113851,0.4423115293034726,9630,1060,947,926,0.8084147224011149,0.9499270244169111,0.9499409577577833,0.9203628117913832
CAID3,disorder_nox,PUNCH2-Light Released-13,41,known_label_disorder_fraction,"(0.60,1.00]",12563,10556,2007,0.8402451643715673,0.7635975234206958,-0.07664764095087151,0.11706971542974083,0.21812582953471302,0.40911012754970705,0.14319828066544615,0.915337192338463,0.4518380220977042,9725,1039,968,831,0.8192042138230479,0.9520058719603961,0.9520315921096901,0.9231757097647113
CAID3,disorder_pdb,A10-locked,34,protein_length,1001+,22660,5832,16828,0.25736981465136805,0.33308137463680537,0.07571155998543733,0.06911425408640538,0.13760472557446207,0.23834600846644158,0.08861429832303619,0.8385332904470891,0.7806478939639088,5214,15438,1390,618,0.9601400215461655,0.9364596948656334,0.9364632732504674,0.8683778411546106
CAID3,disorder_pdb,LoRA-DR-Suite 650M,34,protein_length,1001+,22660,5832,16828,0.25736981465136805,0.19964552393642543,-0.05772429071494262,0.11453247069308524,0.21065630625147308,0.3584929396444273,0.1642541924095322,0.5925114955112765,0.5310466436744342,2706,16232,596,3126,0.8991795326588417,0.7717507541261438,0.7717242033829432,0.7106927489336666
CAID3,disorder_pdb,PUNCH2-Light Paper-8,34,protein_length,1001+,22660,5832,16828,0.25736981465136805,0.2131347714585878,-0.04423504319278024,0.06929546321102374,0.13465583934901149,0.2555090090311263,0.07766990291262135,0.8322211630123927,0.7908774584506554,4365,16535,293,1467,0.9389563551569775,0.9020370132222495,0.9020432353082212,0.8361624308355997
CAID3,disorder_pdb,PUNCH2-Light Released-13,34,protein_length,1001+,22660,5832,16828,0.25736981465136805,0.22700709484445275,-0.030362719806915295,0.06479906670282093,0.12721634668262577,0.24144546366434785,0.07541924095322154,0.8401160071101131,0.7969722528729855,4490,16461,367,1342,0.9411106354684188,0.9057505208011897,0.9057564485003706,0.8401758159543626
CAID3,disorder_pdb,A10-locked,76,protein_length,1-200,8292,3809,4483,0.45935841775205016,0.4846813752854233,0.025322957533373158,0.07180011184376042,0.14378132442963457,0.24860994035688047,0.0932223830197781,0.8985431158944743,0.8123189373425858,3423,4096,387,386,0.9583719529224696,0.9607394496434977,0.9607442985546104,0.9038799513316208
CAID3,disorder_pdb,LoRA-DR-Suite 650M,76,protein_length,1-200,8292,3809,4483,0.45935841775205016,0.5256895342294803,0.06633111647743012,0.14559199056763492,0.2542339383675169,0.43653168429306194,0.21394114809454895,0.780716934487021,0.5769785396456288,3158,3360,1123,651,0.8912005430860506,0.9008358971254586,0.9007800935095878,0.7834999367328863
CAID3,disorder_pdb,PUNCH2-Light Paper-8,76,protein_length,1-200,8292,3809,4483,0.45935841775205016,0.3187113774331404,-0.1406470403189098,0.11214735594488914,0.19241863632855766,0.36712975605894105,0.1493005306319344,0.809127351218008,0.7216486862300954,2624,4430,53,1185,0.9622393679175499,0.9610095033532114,0.961014938587385,0.9020184467317204
CAID3,disorder_pdb,PUNCH2-Light Released-13,76,protein_length,1-200,8292,3809,4483,0.45935841775205016,0.3350712874348408,-0.12428713031720934,0.10077352857555805,0.17463792433785577,0.335898656818551,0.14001447178002893,0.8244367155602601,0.7355630145313404,2726,4405,78,1083,0.9658499273853144,0.9643635552769512,0.9643686234033831,0.904930966469428
CAID3,disorder_pdb,A10-locked,129,protein_length,201-500,32539,10959,21580,0.3367958449860168,0.38257638490612894,0.04578053992011216,0.07698129622277387,0.1293318506521396,0.2619009510020982,0.10150895848059252,0.8546918305397915,0.7780211384142557,9714,19522,2058,1245,0.9603482873776477,0.9449743418365236,0.9449763178195927,0.8701496806177902
CAID3,disorder_pdb,LoRA-DR-Suite 650M,129,protein_length,201-500,32539,10959,21580,0.3367958449860168,0.3802054848406257,0.04340963985460894,0.08969244007968816,0.1857639859167989,0.2981577090604283,0.1200712990565168,0.8256037137883319,0.7345168927081216,9248,19384,2196,1711,0.9403643041918563,0.8994339339118568,0.8993271043747023,0.8288271830471319
CAID3,disorder_pdb,PUNCH2-Light Paper-8,129,protein_length,201-500,32539,10959,21580,0.3367958449860168,0.26937973783621194,-0.06741610714980484,0.0744672875228277,0.14282945007507605,0.2677689635161244,0.08328467377608409,0.8669873368018063,0.8118011828899997,8832,20997,583,2127,0.9568665954432398,0.9393404156421791,0.9393429620994098,0.8743771559984669
CAID3,disorder_pdb,PUNCH2-Light Released-13,129,protein_length,201-500,32539,10959,21580,0.3367958449860168,0.2867700901523495,-0.05002575483366728,0.06654570228825031,0.12779953635543503,0.2457872449966062,0.07790651218537754,0.8772694262890343,0.8238168628180507,9060,20944,636,1899,0.9597473597986463,0.9447281241980394,0.9447302924248828,0.8804503387081385
CAID3,disorder_pdb,A10-locked,80,protein_length,501-1000,35748,10801,24947,0.3021427772183059,0.3371027940957874,0.034960016877481515,0.08327624227473798,0.13686746041045347,0.28903137372756615,0.10954458990712768,0.8213829593139939,0.7425779129660841,9004,22828,2119,1797,0.9443596055523646,0.9065790398970043,0.906585401240609,0.84354556803995
CAID3,disorder_pdb,LoRA-DR-Suite 650M,80,protein_length,501-1000,35748,10801,24947,0.3021427772183059,0.27764907077680456,-0.02449370644150134,0.0867124028762328,0.16154593676824242,0.3020656153186397,0.11362873447465592,0.795797305449427,0.723003053078403,7915,23771,1176,2886,0.9237293941778921,0.878542375624934,0.8784356215684705,0.8201412285964832
CAID3,disorder_pdb,PUNCH2-Light Paper-8,80,protein_length,501-1000,35748,10801,24947,0.3021427772183059,0.22326312286882902,-0.07887965434947689,0.08530157908167657,0.15231201935863545,0.2988612879364178,0.09807541680653463,0.8181535269709542,0.762665335021338,7887,24355,592,2914,0.9489149382581268,0.9021368729405291,0.9021458056991359,0.8410104011887073
CAID3,disorder_pdb,PUNCH2-Light Released-13,80,protein_length,501-1000,35748,10801,24947,0.3021427772183059,0.2398275705519302,-0.06231520666637569,0.07779678010066325,0.13993961001630859,0.2809799943582149,0.09371153630972362,0.8291339385902275,0.7730761779370825,8128,24270,677,2673,0.9485545594044802,0.9030884720390479,0.9030984996820076,0.8424134786156579
CAID3,disorder_pdb,A10-locked,44,known_label_disorder_fraction,"(0.30,0.60]",15143,6573,8570,0.4340619428118603,0.434312281415382,0.0002503386035216937,0.10932727982973789,0.17179799216524796,0.3620268982839846,0.14488542560919238,0.829074478030539,0.7040893043244566,5321,7628,942,1252,0.9270144331829533,0.9250397682518081,0.9250448198887631,0.8329309512312892
CAID3,disorder_pdb,LoRA-DR-Suite 650M,44,known_label_disorder_fraction,"(0.30,0.60]",15143,6573,8570,0.4340619428118603,0.3679378932529162,-0.06612404955894408,0.15311643366540365,0.24392742317041471,0.49735106651478767,0.19976226639371328,0.7500206594496323,0.5918224310314124,4538,7580,990,2035,0.8725854113775797,0.839033710915647,0.8388727684556436,0.770475227502528
CAID3,disorder_pdb,PUNCH2-Light Paper-8,44,known_label_disorder_fraction,"(0.30,0.60]",15143,6573,8570,0.4340619428118603,0.2834787163829228,-0.15058322642893746,0.1471012511012496,0.22867015020106982,0.5209755652926924,0.17143234497787757,0.7657462551885942,0.6660276679589534,4243,8304,266,2330,0.9003953623083436,0.8971331929621161,0.8971417560649452,0.7998020292006929
CAID3,disorder_pdb,PUNCH2-Light Released-13,44,known_label_disorder_fraction,"(0.30,0.60]",15143,6573,8570,0.4340619428118603,0.3049816294967972,-0.1290803133150631,0.1377112365113279,0.21310702076859275,0.4970959309799253,0.16430033678927558,0.779627989371125,0.6771230554186292,4401,8254,316,2172,0.9007244728931569,0.8995853868100432,0.8995929373057674,0.8022645907917744
CAID3,disorder_pdb,A10-locked,100,known_label_disorder_fraction,"(0.10,0.30]",32600,5955,26645,0.18266871165644172,0.24968463369930738,0.06701592204286566,0.09362006056391113,0.1634301904508313,0.3126710235265291,0.1239877300613497,0.6877317676143387,0.6140446017370101,4451,24107,2538,1504,0.9077603386504683,0.7952946542312875,0.7953080758871891,0.712745271345236
CAID3,disorder_pdb,LoRA-DR-Suite 650M,100,known_label_disorder_fraction,"(0.10,0.30]",32600,5955,26645,0.18266871165644172,0.23426917628510094,0.05160046462865922,0.09529468619262702,0.18541112910752117,0.31395758666996815,0.1283128834355828,0.6564271047227926,0.5777926619089047,3996,24421,2224,1959,0.8905727055625643,0.7099498362947942,0.7097777367056387,0.6576810652809353
CAID3,disorder_pdb,PUNCH2-Light Paper-8,100,known_label_disorder_fraction,"(0.10,0.30]",32600,5955,26645,0.18266871165644172,0.14098974253355215,-0.04167896912288957,0.07336354087160112,0.12819436679377302,0.2548820306549109,0.09331288343558282,0.6961038961038961,0.6599002331571849,3484,26074,571,2471,0.9282539355417712,0.8117949909565816,0.8118100962575344,0.7300069541029207
CAID3,disorder_pdb,PUNCH2-Light Released-13,100,known_label_disorder_fraction,"(0.10,0.30]",32600,5955,26645,0.18266871165644172,0.15036444884503375,-0.03230426281140797,0.06964651541295329,0.12311515978738344,0.24521751232162903,0.08895705521472393,0.7191555297307767,0.679051900634867,3713,25987,658,2242,0.9287723983545195,0.8202883011850169,0.8203021837859967,0.7354566991313503
CAID3,disorder_pdb,A10-locked,74,known_label_disorder_fraction,0-0.10,32786,1466,31320,0.04471420728359666,0.13378526995014944,0.08907106266655279,0.06543551691984174,0.12943006673414628,0.23862532658605218,0.08479228939181357,0.35974205435283285,0.34034797346629436,781,29225,2095,685,0.8692183642338297,0.29759866875598584,0.2980682044248827,0.3854439592430859
CAID3,disorder_pdb,LoRA-DR-Suite 650M,74,known_label_disorder_fraction,0-0.10,32786,1466,31320,0.04471420728359666,0.14070298791961017,0.09598878063601352,0.056934656685661646,0.13664510625973098,0.2057180143019376,0.07085341304215213,0.4302182977679666,0.41441991227003155,877,29586,1734,589,0.8764982646239409,0.3219669493747994,0.32251478977663395,0.443606998654105
CAID3,disorder_pdb,PUNCH2-Light Paper-8,74,known_label_disorder_fraction,0-0.10,32786,1466,31320,0.04471420728359666,0.06406906521313975,0.01935485792954309,0.03162618580587063,0.07153705607920455,0.11672722554562931,0.0408406026962728,0.46160032167269804,0.44889249920469226,574,30873,447,892,0.93601125293803,0.44502401480379467,0.44557956555991357,0.4996039081066807
CAID3,disorder_pdb,PUNCH2-Light Released-13,74,known_label_disorder_fraction,0-0.10,32786,1466,31320,0.04471420728359666,0.06777168238767767,0.02305747510408101,0.03143477755909452,0.0713178425779235,0.11627006604063621,0.040169584578783626,0.503954802259887,0.48613954735431697,669,30800,520,797,0.9400921308710508,0.46189799555668065,0.46245317643846606,0.5165125495376485
CAID3,disorder_pdb,A10-locked,101,known_label_disorder_fraction,"(0.60,1.00]",18710,17407,1303,0.930358097274185,0.9066387914632459,-0.023719305810939062,0.04224602891808789,0.06619826375251364,0.15060738240671273,0.05259219668626403,0.9715508268763733,0.6266264574653765,16802,924,379,605,0.9599906901366105,0.9967002069836388,0.9967003047820359,0.9755388299692098
CAID3,disorder_pdb,LoRA-DR-Suite 650M,101,known_label_disorder_fraction,"(0.60,1.00]",18710,17407,1303,0.930358097274185,0.7139467459771801,-0.21641135129700484,0.13516532755177618,0.2395967915624458,0.4132597919535587,0.2102618920363442,0.8737727010203427,0.3880301338272087,13616,1160,143,3791,0.9281432285183037,0.993489772618046,0.9934843613472328,0.9756069726969274
CAID3,disorder_pdb,PUNCH2-Light Paper-8,101,known_label_disorder_fraction,"(0.60,1.00]",18710,17407,1303,0.930358097274185,0.7070761030377445,-0.22328199423644046,0.12381139411556334,0.2539771156347301,0.43855669190657187,0.11956173169428114,0.9323167226407673,0.48357381742927574,15407,1066,237,2000,0.9186594114161163,0.9931882355556858,0.9931884636579815,0.9644968756129684
CAID3,disorder_pdb,PUNCH2-Light Released-13,101,known_label_disorder_fraction,"(0.60,1.00]",18710,17407,1303,0.930358097274185,0.7527942070316515,-0.1775638902425335,0.09962119605689726,0.20913895058487442,0.3722568093272671,0.10956707642971673,0.938423645320197,0.493950913683676,15621,1039,264,1786,0.9291776700307711,0.9941717065278808,0.994171898541881,0.9655868176213429
