dataset,track,first_model,second_model,comparison_family,metric,common_proteins,replicates,random_seed,point_delta,mean_delta,standard_deviation,percentile_95_ci,probability_delta_positive,one_sided_p_delta_le_zero_plus_one_correction,one_sided_p_delta_ge_zero_plus_one_correction,two_sided_empirical_p_plus_one_correction,nonpositive_replicates,nonnegative_replicates,delong_two_sided_p,bootstrap_holm_p,delong_holm_p
CAID2,disorder_nox,A10-locked,LoRA-DR-Suite 650M,primary,roc_auc_full_precision,210,2000,20260826,-0.0540774647366391,-0.054734864201584674,0.021197254427257072,"[-0.09733295136265335, -0.015962719407958178]",0.0025,0.9975012493753124,0.0029985007496251873,0.005997001499250375,1995,5,0.0,0.17991004497751123,0.0
CAID2,disorder_nox,A10-locked,LoRA-DR-Suite 650M,primary,aucpr_trapezoid_full_precision,210,2000,20260826,-0.22777425500351717,-0.22400912505485734,0.04532177332747141,"[-0.31712410355413995, -0.13256974479046527]",0.0,1.0,0.0004997501249375312,0.0009995002498750624,2000,0,,0.047976011994003,
CAID2,disorder_nox,A10-locked,LoRA-DR-Suite 650M,primary,aps_full_precision,210,2000,20260826,-0.22751663303500058,-0.22374053983586895,0.04531067090112332,"[-0.31681688380785644, -0.13235767707083215]",0.0,1.0,0.0004997501249375312,0.0009995002498750624,2000,0,,0.047976011994003,
CAID2,disorder_nox,A10-locked,LoRA-DR-Suite 650M,primary,f1_at_0_5_full_precision,210,2000,20260826,-0.00960797592096474,-0.009413558075450811,0.025463949829884036,"[-0.05845978195783209, 0.04190957137295136]",0.349,0.6511744127936032,0.3493253373313343,0.6986506746626686,1302,698,,1.0,
CAID2,disorder_nox,A10-locked,LoRA-DR-Suite 650M,primary,mcc_at_0_5_full_precision,210,2000,20260826,0.015698279853207875,0.015255444910933924,0.03403666129231274,"[-0.04842931388814828, 0.08491058060422085]",0.667,0.3333333333333333,0.6671664167916042,0.6666666666666666,666,1334,,1.0,
CAID2,disorder_nox,A10-locked,LoRA-DR-Suite 650M,primary,fmax_full_precision,210,2000,20260826,0.006585573616471052,-0.00448943946777499,0.026570211414334674,"[-0.06591265990259858, 0.03615252149208366]",0.504,0.4962518740629685,0.504247876061969,0.992503748125937,992,1008,,1.0,
CAID2,disorder_nox,A10-locked,PUNCH2-Light Released-13,primary,roc_auc_full_precision,210,2000,20260826,0.001314292875805645,0.0012527622866483042,0.007381122757322425,"[-0.013908385953040097, 0.015094692809509756]",0.584,0.41629185407296354,0.584207896051974,0.8325837081459271,832,1168,0.05188800526516909,1.0,0.10377601053033818
CAID2,disorder_nox,A10-locked,PUNCH2-Light Released-13,primary,aucpr_trapezoid_full_precision,210,2000,20260826,-0.013887706827331203,-0.012905054898027504,0.013234807711486985,"[-0.03869352220760478, 0.01492524790836841]",0.1485,0.8515742128935532,0.1489255372313843,0.2978510744627686,1703,297,,1.0,
CAID2,disorder_nox,A10-locked,PUNCH2-Light Released-13,primary,aps_full_precision,210,2000,20260826,-0.01388580978374343,-0.012904640894941581,0.013241067720188918,"[-0.038732211783848364, 0.014950664113216546]",0.149,0.8510744627686156,0.14942528735632185,0.2988505747126437,1702,298,,1.0,
CAID2,disorder_nox,A10-locked,PUNCH2-Light Released-13,primary,f1_at_0_5_full_precision,210,2000,20260826,-0.0013834296385928369,-0.0010378598581853144,0.009418662633682181,"[-0.020440596802330603, 0.016741896988931044]",0.454,0.5462268865567217,0.4542728635682159,0.9085457271364318,1092,908,,1.0,
CAID2,disorder_nox,A10-locked,PUNCH2-Light Released-13,primary,mcc_at_0_5_full_precision,210,2000,20260826,0.014526607111146894,0.014827668213980313,0.013677325336891628,"[-0.013268426345088563, 0.04137775846816346]",0.8575,0.14292853573213393,0.8575712143928036,0.28585707146426786,285,1715,,1.0,
CAID2,disorder_nox,A10-locked,PUNCH2-Light Released-13,primary,fmax_full_precision,210,2000,20260826,0.020986395957145798,0.020686156520178068,0.0092181282427583,"[0.0024280665867767144, 0.03941951453788927]",0.985,0.015492253873063468,0.9850074962518741,0.030984507746126936,30,1970,,0.8675662168915542,
CAID2,disorder_nox,A10-locked,PUNCH2-Light Paper-8,supplementary,roc_auc_full_precision,210,2000,20260826,0.003227659031710628,0.003234508998075408,0.007249544069967487,"[-0.011304551347315788, 0.017163892397503367]",0.681,0.3193403298350825,0.6811594202898551,0.638680659670165,638,1362,2.61490437172021e-06,1.0,5.22980874344042e-06
CAID2,disorder_nox,A10-locked,PUNCH2-Light Paper-8,supplementary,aucpr_trapezoid_full_precision,210,2000,20260826,-0.006125568558704053,-0.0058541282206696936,0.015744637074932982,"[-0.03570721676427734, 0.027195013361460525]",0.3315,0.6686656671664168,0.33183408295852074,0.6636681659170415,1337,663,,1.0,
CAID2,disorder_nox,A10-locked,PUNCH2-Light Paper-8,supplementary,aps_full_precision,210,2000,20260826,-0.006114553310187065,-0.00584211866622317,0.01575007219702126,"[-0.03570618710963562, 0.02719399107402436]",0.332,0.6681659170414792,0.33233383308345826,0.6646676661669165,1336,664,,1.0,
CAID2,disorder_nox,A10-locked,PUNCH2-Light Paper-8,supplementary,f1_at_0_5_full_precision,210,2000,20260826,-0.00013903341182042173,0.00025241961749035316,0.010067306719060535,"[-0.020515376463791153, 0.0193853358596416]",0.512,0.48825587206396803,0.5122438780609695,0.9765117441279361,976,1024,,1.0,
CAID2,disorder_nox,A10-locked,PUNCH2-Light Paper-8,supplementary,mcc_at_0_5_full_precision,210,2000,20260826,0.019453654850956015,0.01980087001926077,0.014725008708975683,"[-0.010170154816885013, 0.0475875684740686]",0.9075,0.09295352323838081,0.9075462268865567,0.18590704647676162,185,1815,,1.0,
CAID2,disorder_nox,A10-locked,PUNCH2-Light Paper-8,supplementary,fmax_full_precision,210,2000,20260826,0.022119323503809074,0.021890709219710373,0.009083106226825618,"[0.004569631431778004, 0.040490445825075945]",0.9905,0.009995002498750625,0.9905047476261869,0.01999000499750125,19,1981,,0.3598200899550225,
CAID2,disorder_pdb,A10-locked,LoRA-DR-Suite 650M,primary,roc_auc_full_precision,348,2000,20260827,0.03738909038707072,0.03720579782986679,0.008007281260969931,"[0.02274801179104733, 0.05341466597666026]",1.0,0.0004997501249375312,1.0,0.0009995002498750624,0,2000,0.0,0.047976011994003,0.0
CAID2,disorder_pdb,A10-locked,LoRA-DR-Suite 650M,primary,aucpr_trapezoid_full_precision,348,2000,20260827,0.09332259687154554,0.09241911286676888,0.017351411659284475,"[0.060005221129934255, 0.12762221011507388]",1.0,0.0004997501249375312,1.0,0.0009995002498750624,0,2000,,0.047976011994003,
CAID2,disorder_pdb,A10-locked,LoRA-DR-Suite 650M,primary,aps_full_precision,348,2000,20260827,0.09340792004004372,0.09250119306748678,0.017355827036637808,"[0.06006760414758292, 0.12773119555051923]",1.0,0.0004997501249375312,1.0,0.0009995002498750624,0,2000,,0.047976011994003,
CAID2,disorder_pdb,A10-locked,LoRA-DR-Suite 650M,primary,f1_at_0_5_full_precision,348,2000,20260827,0.13228513464571956,0.13187893083320051,0.024676485173871936,"[0.08732253349679625, 0.18158654633179103]",1.0,0.0004997501249375312,1.0,0.0009995002498750624,0,2000,,0.047976011994003,
CAID2,disorder_pdb,A10-locked,LoRA-DR-Suite 650M,primary,mcc_at_0_5_full_precision,348,2000,20260827,0.1668001085662293,0.16608879104560195,0.03101596987924688,"[0.10946463080295644, 0.22873169132344512]",1.0,0.0004997501249375312,1.0,0.0009995002498750624,0,2000,,0.047976011994003,
CAID2,disorder_pdb,A10-locked,LoRA-DR-Suite 650M,primary,fmax_full_precision,348,2000,20260827,0.10039113157685486,0.09939835874318483,0.017014511055204757,"[0.06793702863942307, 0.13379796537078645]",1.0,0.0004997501249375312,1.0,0.0009995002498750624,0,2000,,0.047976011994003,
CAID2,disorder_pdb,A10-locked,PUNCH2-Light Released-13,primary,roc_auc_full_precision,348,2000,20260827,0.007777297914154824,0.007816368477606592,0.004331623015054103,"[-0.0007551621661836148, 0.016670947820592828]",0.967,0.033483258370814596,0.967016491754123,0.06696651674162919,66,1934,2.0218026860180334e-49,1.0,8.087210744072134e-49
CAID2,disorder_pdb,A10-locked,PUNCH2-Light Released-13,primary,aucpr_trapezoid_full_precision,348,2000,20260827,0.02166533242523161,0.021748884331570413,0.005080413223076349,"[0.012406979199436724, 0.03228404189107774]",1.0,0.0004997501249375312,1.0,0.0009995002498750624,0,2000,,0.047976011994003,
CAID2,disorder_pdb,A10-locked,PUNCH2-Light Released-13,primary,aps_full_precision,348,2000,20260827,0.021664832314204463,0.02174785964799647,0.005080219140938373,"[0.012405830115065321, 0.03228269333599481]",1.0,0.0004997501249375312,1.0,0.0009995002498750624,0,2000,,0.047976011994003,
CAID2,disorder_pdb,A10-locked,PUNCH2-Light Released-13,primary,f1_at_0_5_full_precision,348,2000,20260827,0.026300563219601836,0.026292128026388428,0.007891347825711464,"[0.010211152478662956, 0.041587165921330015]",1.0,0.0004997501249375312,1.0,0.0009995002498750624,0,2000,,0.047976011994003,
CAID2,disorder_pdb,A10-locked,PUNCH2-Light Released-13,primary,mcc_at_0_5_full_precision,348,2000,20260827,0.027158494473528805,0.027197222734765245,0.010441819920162396,"[0.005283355943836584, 0.04704975043598726]",0.996,0.004497751124437781,0.9960019990004998,0.008995502248875561,8,1992,,0.2608695652173913,
CAID2,disorder_pdb,A10-locked,PUNCH2-Light Released-13,primary,fmax_full_precision,348,2000,20260827,0.026513703040185854,0.02653882253020599,0.005371257960039391,"[0.016409975671619795, 0.0373228011104695]",1.0,0.0004997501249375312,1.0,0.0009995002498750624,0,2000,,0.047976011994003,
CAID2,disorder_pdb,A10-locked,PUNCH2-Light Paper-8,supplementary,roc_auc_full_precision,348,2000,20260827,0.0090415127944391,0.009104991231365172,0.00417534617822582,"[0.0009963543434145545, 0.01755735613241366]",0.9845,0.015992003998001,0.9845077461269365,0.031984007996002,31,1969,1.0119421999908362e-67,0.511744127936032,3.035826599972509e-67
CAID2,disorder_pdb,A10-locked,PUNCH2-Light Paper-8,supplementary,aucpr_trapezoid_full_precision,348,2000,20260827,0.02571416153081707,0.025852550532927916,0.005265606630209516,"[0.015905988862609015, 0.036989081104573183]",1.0,0.0004997501249375312,1.0,0.0009995002498750624,0,2000,,0.0239880059970015,
CAID2,disorder_pdb,A10-locked,PUNCH2-Light Paper-8,supplementary,aps_full_precision,348,2000,20260827,0.025713493002689547,0.025851171581553978,0.005265348833439697,"[0.015905716017322297, 0.0369868176537026]",1.0,0.0004997501249375312,1.0,0.0009995002498750624,0,2000,,0.0239880059970015,
CAID2,disorder_pdb,A10-locked,PUNCH2-Light Paper-8,supplementary,f1_at_0_5_full_precision,348,2000,20260827,0.03707077105833245,0.03704100428179308,0.00873679019900905,"[0.02001645076211326, 0.0542308358821812]",1.0,0.0004997501249375312,1.0,0.0009995002498750624,0,2000,,0.0239880059970015,
CAID2,disorder_pdb,A10-locked,PUNCH2-Light Paper-8,supplementary,mcc_at_0_5_full_precision,348,2000,20260827,0.03787540281721391,0.0379123897641567,0.011212081679349334,"[0.015881952583327884, 0.05940575973915848]",1.0,0.0004997501249375312,1.0,0.0009995002498750624,0,2000,,0.0239880059970015,
CAID2,disorder_pdb,A10-locked,PUNCH2-Light Paper-8,supplementary,fmax_full_precision,348,2000,20260827,0.031318960460688605,0.0314947716915717,0.005638295611057301,"[0.02071606776436634, 0.042652885680270855]",1.0,0.0004997501249375312,1.0,0.0009995002498750624,0,2000,,0.0239880059970015,
CAID3,disorder_nox,A10-locked,LoRA-DR-Suite 650M,primary,roc_auc_full_precision,204,2000,20261826,-0.007888465524827915,-0.00828982627014794,0.02109107470368181,"[-0.04792900045096027, 0.032785936422381305]",0.3465,0.6536731634182908,0.3468265867066467,0.6936531734132934,1307,693,2.0638893687960473e-12,1.0,6.1916681063881415e-12
CAID3,disorder_nox,A10-locked,LoRA-DR-Suite 650M,primary,aucpr_trapezoid_full_precision,204,2000,20261826,-0.08977929221187586,-0.09007690891597574,0.055365135221650416,"[-0.19530295268767411, 0.01615537166551744]",0.0465,0.9535232383808095,0.04697651174412794,0.09395302348825588,1907,93,,1.0,
CAID3,disorder_nox,A10-locked,LoRA-DR-Suite 650M,primary,aps_full_precision,204,2000,20261826,-0.08967643554653026,-0.08998916395192129,0.055334396423891326,"[-0.1950684636621756, 0.015880798640497705]",0.0465,0.9535232383808095,0.04697651174412794,0.09395302348825588,1907,93,,1.0,
CAID3,disorder_nox,A10-locked,LoRA-DR-Suite 650M,primary,f1_at_0_5_full_precision,204,2000,20261826,0.00039490933345631696,0.001273756154699303,0.03333730602606735,"[-0.05973564835895864, 0.06823477720728034]",0.4905,0.5097451274362819,0.49075462268865566,0.9815092453773113,1019,981,,1.0,
CAID3,disorder_nox,A10-locked,LoRA-DR-Suite 650M,primary,mcc_at_0_5_full_precision,204,2000,20261826,0.016082818038273605,0.01685441671728316,0.047028311125143246,"[-0.06743097603534913, 0.11336671681534381]",0.6305,0.3698150924537731,0.6306846576711644,0.7396301849075462,739,1261,,1.0,
CAID3,disorder_nox,A10-locked,LoRA-DR-Suite 650M,primary,fmax_full_precision,204,2000,20261826,0.014304270685090437,0.012672340404543183,0.036705858426585185,"[-0.058764321084174335, 0.07546207672777505]",0.646,0.3543228385807096,0.6461769115442278,0.7086456771614192,708,1292,,1.0,
CAID3,disorder_nox,A10-locked,PUNCH2-Light Released-13,primary,roc_auc_full_precision,204,2000,20261826,0.012169890426784735,0.012075030197355585,0.007771924706967711,"[-0.00344497252651392, 0.026804878835484557]",0.939,0.06146926536731634,0.9390304847576212,0.12293853073463268,122,1878,3.6867861702542093e-63,1.0,1.8433930851271046e-62
CAID3,disorder_nox,A10-locked,PUNCH2-Light Released-13,primary,aucpr_trapezoid_full_precision,204,2000,20261826,0.026554718689922985,0.026371557212748555,0.021742713474526762,"[-0.018845734269702444, 0.06679031518583116]",0.8895,0.11094452773613193,0.8895552223888056,0.22188905547226387,221,1779,,1.0,
CAID3,disorder_nox,A10-locked,PUNCH2-Light Released-13,primary,aps_full_precision,204,2000,20261826,0.026552582272305725,0.02635498640922585,0.02173959605465507,"[-0.01884988089208816, 0.06672382158874011]",0.8895,0.11094452773613193,0.8895552223888056,0.22188905547226387,221,1779,,1.0,
CAID3,disorder_nox,A10-locked,PUNCH2-Light Released-13,primary,f1_at_0_5_full_precision,204,2000,20261826,-0.0001709315767624009,-0.00023024470338819675,0.009410283526602524,"[-0.018963712432294284, 0.018743279880761535]",0.493,0.5072463768115942,0.49325337331334335,0.9865067466266867,1014,986,,1.0,
CAID3,disorder_nox,A10-locked,PUNCH2-Light Released-13,primary,mcc_at_0_5_full_precision,204,2000,20261826,0.013127861350423764,0.012673054519977568,0.014817580019829073,"[-0.0162053213248475, 0.0413454805397996]",0.8125,0.18790604697651175,0.8125937031484258,0.3758120939530235,375,1625,,1.0,
CAID3,disorder_nox,A10-locked,PUNCH2-Light Released-13,primary,fmax_full_precision,204,2000,20261826,0.018443281003403644,0.016886033302193838,0.007718470208643312,"[0.0012649532854885931, 0.0318709795698442]",0.9825,0.017991004497751123,0.9825087456271864,0.035982008995502246,35,1965,,0.9715142428785606,
CAID3,disorder_nox,A10-locked,PUNCH2-Light Paper-8,supplementary,roc_auc_full_precision,204,2000,20261826,0.026089689388373638,0.02536855265479833,0.013286549010080391,"[0.002378620337223772, 0.054622350497700964]",0.9855,0.014992503748125937,0.9855072463768116,0.029985007496251874,29,1971,8.371754466434542e-246,0.5097451274362819,3.3487017865738166e-245
CAID3,disorder_nox,A10-locked,PUNCH2-Light Paper-8,supplementary,aucpr_trapezoid_full_precision,204,2000,20261826,0.0639200182570443,0.05924485773554591,0.036784365512723335,"[-0.006678683353333928, 0.1363713641117053]",0.9565,0.04397801099450275,0.9565217391304348,0.0879560219890055,87,1913,,1.0,
CAID3,disorder_nox,A10-locked,PUNCH2-Light Paper-8,supplementary,aps_full_precision,204,2000,20261826,0.06391399264027608,0.05922515973227955,0.0367815003780413,"[-0.006708185052002552, 0.13634816597902288]",0.9565,0.04397801099450275,0.9565217391304348,0.0879560219890055,87,1913,,1.0,
CAID3,disorder_nox,A10-locked,PUNCH2-Light Paper-8,supplementary,f1_at_0_5_full_precision,204,2000,20261826,0.0008661691199575161,0.0008391916610184486,0.01009864180011122,"[-0.019243333218782206, 0.020948819157323786]",0.5385,0.4617691154422789,0.5387306346826587,0.9235382308845578,923,1077,,1.0,
CAID3,disorder_nox,A10-locked,PUNCH2-Light Paper-8,supplementary,mcc_at_0_5_full_precision,204,2000,20261826,0.015791704288473096,0.01537711233523912,0.015797514376587586,"[-0.01586117557309128, 0.046194472427347956]",0.8375,0.1629185407296352,0.8375812093953023,0.3258370814592704,325,1675,,1.0,
CAID3,disorder_nox,A10-locked,PUNCH2-Light Paper-8,supplementary,fmax_full_precision,204,2000,20261826,0.020186573717637213,0.020499814732397724,0.006892032108985715,"[0.007512240372043544, 0.034974857972061076]",0.9985,0.001999000499750125,0.9985007496251874,0.00399800099950025,3,1997,,0.07596201899050474,
CAID3,disorder_pdb,A10-locked,LoRA-DR-Suite 650M,primary,roc_auc_full_precision,319,2000,20261827,0.03344684969447176,0.03329031267544548,0.0077060640580963275,"[0.019243809074107172, 0.04837409328392792]",1.0,0.0004997501249375312,1.0,0.0009995002498750624,0,2000,0.0,0.047976011994003,0.0
CAID3,disorder_pdb,A10-locked,LoRA-DR-Suite 650M,primary,aucpr_trapezoid_full_precision,319,2000,20261827,0.06412600391744294,0.06393479540125278,0.0155110456971288,"[0.03648547425480486, 0.09585515075248217]",1.0,0.0004997501249375312,1.0,0.0009995002498750624,0,2000,,0.047976011994003,
CAID3,disorder_pdb,A10-locked,LoRA-DR-Suite 650M,primary,aps_full_precision,319,2000,20261827,0.06422363099159956,0.06403142456809872,0.015515284827604761,"[0.0365925891461802, 0.09597128861570932]",1.0,0.0004997501249375312,1.0,0.0009995002498750624,0,2000,,0.047976011994003,
CAID3,disorder_pdb,A10-locked,LoRA-DR-Suite 650M,primary,f1_at_0_5_full_precision,319,2000,20261827,0.07169465894606009,0.07166086377334752,0.026514476419056285,"[0.027011195603069475, 0.12673897123382466]",1.0,0.0004997501249375312,1.0,0.0009995002498750624,0,2000,,0.047976011994003,
CAID3,disorder_pdb,A10-locked,LoRA-DR-Suite 650M,primary,mcc_at_0_5_full_precision,319,2000,20261827,0.09214509297118123,0.09177393488816057,0.034286884567816506,"[0.03269089404442558, 0.16047298306815952]",1.0,0.0004997501249375312,1.0,0.0009995002498750624,0,2000,,0.047976011994003,
CAID3,disorder_pdb,A10-locked,LoRA-DR-Suite 650M,primary,fmax_full_precision,319,2000,20261827,0.08155240933163133,0.07778645883618324,0.0172749199523681,"[0.04537495300149057, 0.11009509839005797]",1.0,0.0004997501249375312,1.0,0.0009995002498750624,0,2000,,0.047976011994003,
CAID3,disorder_pdb,A10-locked,PUNCH2-Light Released-13,primary,roc_auc_full_precision,319,2000,20261827,0.0010939060851784532,0.000988323450868163,0.005142552835130853,"[-0.008496323346081493, 0.01168354562205895]",0.5575,0.4427786106946527,0.5577211394302849,0.8855572213893054,885,1115,0.059576019044865654,1.0,0.10377601053033818
CAID3,disorder_pdb,A10-locked,PUNCH2-Light Released-13,primary,aucpr_trapezoid_full_precision,319,2000,20261827,0.0051046765004152395,0.004911098506346431,0.005482820842212638,"[-0.005532987017229096, 0.016040830564551942]",0.8135,0.18690654672663667,0.8135932033983009,0.37381309345327335,373,1627,,1.0,
CAID3,disorder_pdb,A10-locked,PUNCH2-Light Released-13,primary,aps_full_precision,319,2000,20261827,0.005104370247182244,0.004910559295314216,0.005482654403036037,"[-0.005533474842980335, 0.016039738561274452]",0.8135,0.18690654672663667,0.8135932033983009,0.37381309345327335,373,1627,,1.0,
CAID3,disorder_pdb,A10-locked,PUNCH2-Light Released-13,primary,f1_at_0_5_full_precision,319,2000,20261827,-0.0024413932659641535,-0.002739303870325608,0.012117915795559897,"[-0.026875126019521092, 0.0203707795485285]",0.4055,0.5947026486756621,0.4057971014492754,0.8115942028985508,1189,811,,1.0,
CAID3,disorder_pdb,A10-locked,PUNCH2-Light Released-13,primary,mcc_at_0_5_full_precision,319,2000,20261827,-0.021454455858273214,-0.021998396336731844,0.016276417992183653,"[-0.05413743022596999, 0.00815067141251719]",0.0865,0.9135432283858071,0.08695652173913043,0.17391304347826086,1827,173,,1.0,
CAID3,disorder_pdb,A10-locked,PUNCH2-Light Released-13,primary,fmax_full_precision,319,2000,20261827,0.0056351021975878934,0.0061931805769686495,0.007002608106614031,"[-0.007730342413955699, 0.020846930323956857]",0.8175,0.18290854572713644,0.8175912043978011,0.3658170914542729,365,1635,,1.0,
CAID3,disorder_pdb,A10-locked,PUNCH2-Light Paper-8,supplementary,roc_auc_full_precision,319,2000,20261827,0.0026619998013520663,0.0025631305156301625,0.005203579396117921,"[-0.007192088392535734, 0.013377627937181715]",0.677,0.3233383308345827,0.6771614192903548,0.6466766616691654,646,1354,7.033755420118853e-06,1.0,7.033755420118853e-06
CAID3,disorder_pdb,A10-locked,PUNCH2-Light Paper-8,supplementary,aucpr_trapezoid_full_precision,319,2000,20261827,0.008448884106668553,0.008289269979080362,0.005624552068620537,"[-0.002220523353019729, 0.02000447862262861]",0.9375,0.06296851574212893,0.9375312343828086,0.12593703148425786,125,1875,,1.0,
CAID3,disorder_pdb,A10-locked,PUNCH2-Light Paper-8,supplementary,aps_full_precision,319,2000,20261827,0.008448557209942864,0.008288687768861575,0.005624390332312582,"[-0.0022207262893935457, 0.020003469536127166]",0.9375,0.06296851574212893,0.9375312343828086,0.12593703148425786,125,1875,,1.0,
CAID3,disorder_pdb,A10-locked,PUNCH2-Light Paper-8,supplementary,f1_at_0_5_full_precision,319,2000,20261827,0.008169659426469633,0.00794429159201959,0.012839226204675074,"[-0.01720357008134833, 0.03306434486641415]",0.729,0.27136431784107945,0.729135432283858,0.5427286356821589,542,1458,,1.0,
CAID3,disorder_pdb,A10-locked,PUNCH2-Light Paper-8,supplementary,mcc_at_0_5_full_precision,319,2000,20261827,-0.010935356147128261,-0.011429047139398506,0.01691127571000887,"[-0.045083927652636906, 0.020635564213909115]",0.2585,0.7416291854072964,0.2588705647176412,0.5177411294352824,1483,517,,1.0,
CAID3,disorder_pdb,A10-locked,PUNCH2-Light Paper-8,supplementary,fmax_full_precision,319,2000,20261827,0.009655273804873743,0.010429009030547352,0.00711630254833227,"[-0.0032594492968844144, 0.025110519214140533]",0.9315,0.06896551724137931,0.9315342328835582,0.13793103448275862,137,1863,,1.0,
